-- phpMyAdmin SQL Dump
-- version 2.10.3
-- http://www.phpmyadmin.net
-- 
-- Anamakine: localhost
-- Üretim Zamanı: 11 Mayıs 2015 saat 00:02:06
-- Sunucu sürümü: 6.0.4
-- PHP Sürümü: 6.0.0-dev

SET SQL_MODE="NO_AUTO_VALUE_ON_ZERO";

-- 
-- Veritabanı: `globgi`
-- 

-- --------------------------------------------------------

-- 
-- Tablo yapısı: `tbl_altkategoriler`
-- 

CREATE TABLE `tbl_altkategoriler` (
  `AltId` int(11) NOT NULL AUTO_INCREMENT,
  `KategoriId` int(11) NOT NULL,
  `AltKategoriAdi` varchar(50) NOT NULL,
  PRIMARY KEY (`AltId`),
  KEY `KategoriId` (`KategoriId`)
) ENGINE=InnoDB  DEFAULT CHARSET=utf32 AUTO_INCREMENT=20 ;

-- 
-- Tablo döküm verisi `tbl_altkategoriler`
-- 

INSERT INTO `tbl_altkategoriler` VALUES (1, 1, 'Akademik Dereceler');
INSERT INTO `tbl_altkategoriler` VALUES (2, 1, 'Düşünce Kuruluşları');
INSERT INTO `tbl_altkategoriler` VALUES (3, 1, 'Akademik Kültür');
INSERT INTO `tbl_altkategoriler` VALUES (5, 2, 'Bilim Felsefesi');
INSERT INTO `tbl_altkategoriler` VALUES (6, 2, 'Bilimsel Gözlem');
INSERT INTO `tbl_altkategoriler` VALUES (7, 2, 'Bilimsel Kuruluşlar');
INSERT INTO `tbl_altkategoriler` VALUES (8, 3, 'Coğrafya Dalları');
INSERT INTO `tbl_altkategoriler` VALUES (9, 3, 'Coğrafya Dergileri');
INSERT INTO `tbl_altkategoriler` VALUES (10, 3, 'Coğrafyacılar');
INSERT INTO `tbl_altkategoriler` VALUES (11, 4, 'Doğa Bilimleri');
INSERT INTO `tbl_altkategoriler` VALUES (12, 4, 'Gerçeklik');
INSERT INTO `tbl_altkategoriler` VALUES (13, 4, 'Doğal Kaynaklar');
INSERT INTO `tbl_altkategoriler` VALUES (14, 5, 'Tarihçiler');
INSERT INTO `tbl_altkategoriler` VALUES (15, 5, 'Osmanlı Tarihi');
INSERT INTO `tbl_altkategoriler` VALUES (16, 5, 'Dünya Tarihi');
INSERT INTO `tbl_altkategoriler` VALUES (17, 6, 'Ülke');
INSERT INTO `tbl_altkategoriler` VALUES (18, 6, 'Şehir');
INSERT INTO `tbl_altkategoriler` VALUES (19, 6, 'Belde');

-- --------------------------------------------------------

-- 
-- Tablo yapısı: `tbl_iletisim`
-- 

CREATE TABLE `tbl_iletisim` (
  `Id` mediumint(9) NOT NULL AUTO_INCREMENT,
  `Adi` varchar(20) NOT NULL,
  `Soyadi` varchar(20) NOT NULL,
  `Email` varchar(30) NOT NULL,
  `dusunce` varchar(300) NOT NULL,
  PRIMARY KEY (`Id`)
) ENGINE=MyISAM  DEFAULT CHARSET=utf32 AUTO_INCREMENT=2 ;

-- 
-- Tablo döküm verisi `tbl_iletisim`
-- 

INSERT INTO `tbl_iletisim` VALUES (1, 'sarven', 'yanık', 'sarvenyank94@gmail.com', 'Bu bir deneme yazısıdır :)');

-- --------------------------------------------------------

-- 
-- Tablo yapısı: `tbl_kategoriler`
-- 

CREATE TABLE `tbl_kategoriler` (
  `KategoriId` int(11) NOT NULL AUTO_INCREMENT,
  `KategoriAdi` varchar(50) NOT NULL,
  PRIMARY KEY (`KategoriId`)
) ENGINE=InnoDB  DEFAULT CHARSET=utf32 AUTO_INCREMENT=7 ;

-- 
-- Tablo döküm verisi `tbl_kategoriler`
-- 

INSERT INTO `tbl_kategoriler` VALUES (1, 'Akademi');
INSERT INTO `tbl_kategoriler` VALUES (2, 'Bilim');
INSERT INTO `tbl_kategoriler` VALUES (3, 'Coğrafya');
INSERT INTO `tbl_kategoriler` VALUES (4, 'Doğa');
INSERT INTO `tbl_kategoriler` VALUES (5, 'Tarih');
INSERT INTO `tbl_kategoriler` VALUES (6, 'Yerleşim Yeri');

-- --------------------------------------------------------

-- 
-- Tablo yapısı: `tbl_paylasimlar`
-- 

CREATE TABLE `tbl_paylasimlar` (
  `Id` int(11) NOT NULL AUTO_INCREMENT,
  `AltId` int(11) NOT NULL,
  `Baslik` varchar(50) NOT NULL,
  `Paylasim` longtext NOT NULL,
  `Paylasan` varchar(50) CHARACTER SET utf8mb3 NOT NULL,
  `YuklendigiTarih` date DEFAULT NULL,
  `GuncellendigiTarih` date DEFAULT NULL,
  PRIMARY KEY (`Id`),
  KEY `AltId` (`AltId`)
) ENGINE=InnoDB  DEFAULT CHARSET=utf8 AUTO_INCREMENT=40 ;

-- 
-- Tablo döküm verisi `tbl_paylasimlar`
-- 

INSERT INTO `tbl_paylasimlar` VALUES (1, 1, 'Yüksek lisans', '<p>Yüksek lisans (İngilizcesi master), bir lisans (fakülte) öğretimine dayalı eğitim-öğretim ve araştırmanın sonuçlarını ortaya koymayı amaçlayan bir yüksek öğretimdir.\r\n\r\nYüksek lisans</p> <p>eğitimi, kişinin eğitim aldığı branşta uzmanlaşması ve bu durumu bilimsel bir makaleyle (tezle) ispat etmesiyle tamamlanır. Bu eğitimin ardından kişi "bilim uzmanı","uzman hekim", "yüksek mühendis", "yüksek mimar" gibi unvanlara sahip olur.</p>\r\n\r\n<p>Yüksek Lisans, Lisans eğitimi bittikten sonra devam edilen eğitime verilen isimdir. Tezli ve Tezsiz Yüksek Lisans olarak ikiye ayrılır. Yüksek lisans başvurusu yapmak için ALES sınavına girip yeterli puan almış olmak ve başvuru yapılan programın gerekliliklerini yerine getirmek gerekmektedir. </p>', 'Sarven Yanık', '2015-03-18', '2015-03-18');
INSERT INTO `tbl_paylasimlar` VALUES (2, 1, 'İşletme Yönetimi Yüksek Lisansı', 'MBA (okunuşu: embiey)(Master of Business Administration; İşletme Yönetimi Yüksek Lisansı), işadamı ve iş kadınlarına yönelik olarak geliştirilmiş lisansüstü bir yeterlik derecesidir. MBA''in amacı, öğrencileri rekabetçi dünyanın yönetim sorumluluğunu üstlenebilecek bireyler haline getirecek şekilde eğitmektir..[1]\r\n\r\n\r\n\r\nİlk olarak 1902 yılında, ABD''deki Dartmouth College (Hanover, New Hampshire) bu dereceyi alan mezunlarını vermiştir. Bu program daha sonraları dünyadaki birçok üniversitede uygulanmaya başladı ve özellikle son 20-30 yıl içerisinde, dünya genelinde işletme dalında tercih edilen bir yeterlik haline gelmiştir.\r\n\r\nTürkiye''de de üniversiteler İşletme yüksek lisans programlarına bu ismi vermeyi tercih etmektedirler. Çalışanlara yönelik MBA programlarında Executive MBA, kısaca EMBA denir. MBA''in liselere uyarlanmış hali Türkiye''de t-MBA adı altında bazı özel liselerde uygulanmaktadır.', 'Ahmet Yılmaz', '2015-03-18', '2015-03-18');
INSERT INTO `tbl_paylasimlar` VALUES (3, 2, '21. Yüzyıl Türkiye Enstitüsü', '21. Yüzyıl Türkiye Enstitüsü, Aralık 2005''te Ankara''da kurulmuş olan bir düşünce kuruluşudur.\r\n\r\nEnstitü 2005''ten 2009 yılına kadar "21. Yüzyıl" adlı üç aylık bir dergi yayımlamıştır. Dergi Ekim 2009''dan itibaren aylık yayına dönüşmüştür. Aylık dergi dışında özel raporlar, ülke raporları ve incelemeleri de yayınlamaktadır. Bunlara ek olarak Eylül 2012 itibariyle "21. Yüzyılda Sosyal Bilimler" adlı 3 aylık hakemli bir dergi çıkartmaya başlamıştır.', 'Ahmet Yılmaz', '2015-03-18', '2015-03-18');
INSERT INTO `tbl_paylasimlar` VALUES (4, 2, 'Amerikan Bilim Adamları Federasyonu', 'Amerikan Bilim Adamları Federasyonu (İngilizce: Federation of American Scientists (FAS)), Manhattan Projesi üyesi olan ve kritik milli kararların alınmasında bilgi ve tecrübelerini sunmaya kendilerini ahlaken yükümlü hisseden bilim insanları, mucid ve mühendisler tarafından 1945 yılında ABD''de kurulan kar amacı gütmeyen organizasyon.[1] İlk projeleri nükleer silahların kontrolü ve sivil amaçlı nükleer güç araştırmalarına odaklanana kuruluş, öne çıkan bu konuyu gündeminde tutmaktadır.\r\n\r\n1984 yılında kimya, iktisat, ilaç ve fizik alanında Nobel Ödülü''ne layık görülen FAS[2],bilim ve teknoloji çözümlemelerinin kritik olduğunu yayınlarında belirtmektedir.', 'Sarven Yanık', '2015-03-18', '2015-03-18');
INSERT INTO `tbl_paylasimlar` VALUES (5, 3, 'Karma eğitim', 'Karma eğitim, erkek ve kız öğrencilerin aynı okulda ve aynı dersliklerde birlikte öğrenim görmesi. Batı Avrupa''da karma eğitim ilk kez Reform hareketinden sonra bazı Protestan gruplarının, erkeklerin yanı sıra kız çocuklarına da Kitabı Mukaddesi okumayı öğretmek istemeleriyle ortaya çıktı. Uygulama İskoçya, İngiltere''nin kuzeyi ve Amerika''daki İngiliz kolonisi New England''da yaygınlaştı. 18. yüzyılın ikinci yarısında kızlar da kent okullarına alınmaya başladı. Amerikan Bağımsızlık Savaşı''ndan sonra kilise kurumlarının yerini alan parasız ilkokullarının hemen tümünde karma eğitim yapılıyordu. 19. yüzyılın sonunda, ABD yüksekokullarının yüzde 70''inde karma eğitim uygulanıyordu. Batı Avrupa''da, ilk ve orta öğretimde karma eğitime İskandinav ülkeleri öncülük etti.\r\n\r\nII. Dünya Savaşı''ndan sonra gelişmekte olan pek çok ülkede karma eğitim benimsendi. Ama birçok ülkede toplumsal koşullanma ve dinsel yasaklar karma eğitimi sınırlamaktadır.', 'Sarven Yanık', '2015-03-18', '2015-03-18');
INSERT INTO `tbl_paylasimlar` VALUES (6, 3, 'Müze', 'Müze; sanat ve bilim eserlerinin veya sanat ve bilime yarayan nesnelerin saklandığı, halka gösterilmek için sergilendiği yer veya yapılardır.\r\n\r\nMüzeler, toplumların bilim ve sanat ürünleri ile yer altı ve yer üstü zenginliklerini sergilemek, tarihin eski dönemlerinde yaşamış toplumları bilim ve sanat açısından inceleyerek, hem günümüzü hem de geleceği aydınlatmak, bireylerin geçmişi daha iyi tanımalarını sağlamak amacıyla oluşturulmuş kurumlardır.\r\n\r\nMüzelerde bulunan nesnelere ait bilgiler müze içinde ve dışında yazılı ve sözlü olarak açıklanır. Müzeyi gezen ziyaretçilerin müzedeki eserler hakkında detaylı bilgi edinmeleri sağlanır. Onlara müzelerle ilgili bilgiler verilir.\r\n\r\nMüzeler ülkelerin kültürel değerlerinin oluşmasına önemli katkılarda bulunurlar. Bilim, sanat, folklor ve antika eşyalar gibi çeşitli konulardaki eserleri bir arada sunabileceği gibi doğa, etnografya ve havacılık gibi sadece tek bir konuyu içeren eserleri de sergileyebilirler.', 'Ahmet Yılmaz', '2015-03-18', '2015-03-18');
INSERT INTO `tbl_paylasimlar` VALUES (8, 5, 'Brownian ratchet', 'Termal ve istatistiksel fizik felsefesinde, Brownian ratchet ya da Feynman-Smoluchowski ratchet 1912 tarihinde Polonyalı fizikçi Marian Smoluchowski tarafından analiz edilen ve 11 Mayıs 1962 tarihinde, Kaliforniya teknoloji enstitüsünde, Nobel Ödülü kazanmış Amerikan fizikçi Richard Feynman tarafından bilinir hale getirilen görünür devridaim makinedir. Bu basit makine küçük kısa kürekler ve mandallı çark içerir. Maxwell’in cini olarak görülse de, termal denge sistemindeki gelişigüzel dalgalanmadan işten kazanç sağlayabilmek için kullanılır. Termodinamiğin ikinci yasası ihlali, termal denge sistemindeki gelişigüzel dalgalanmayı kapsar. Detaylar Feynman ve diğerleri tarafından analiz edilmiş ve neden bunu yapamadığını göstermişlerdir.\r\nMakine\r\n\r\nMakine mandallı çark olarak da bilinen tek yönde serbestçe dönebilen dişli içerir. Fakat, dönüşü ters yöndeki kilit mandalı tarafından önlenmiştir. Dişli, dingille ilk derecede su moleküllerine batırılabilen mandallı çarka bağlıdır. Bu moleküller ısı tarafından belirlenen kinetik enerjiyle oluşan ısı banyosu içerir. Makine, kısa küreği çevirebilen tek molekül çarpışmasındaki impuls kadar küçük olarak düşünülebilir. Bazı çarpışmalar çubuğu döndürmeye yatkın olmasına rağmen, kilit mandalı kısa küreğin tek yönde dönmesine müsaade eder. Bunun gibi bazı çarpışmaların etkileri mandallı çarkın aynı yönde devamlı olarak dönmesi için yeterlidir. Ratchet’in hareketi başka sistemlerde iş yapmak için kullanılabilir. Örneğin, yer çekimine karşı m ağırlıklı yükü kaldırmak. Isı banyosundan gelen enerji ısı meyiline bakılmaksızın, iş yapmak için gereklidir. Bunun gibi makinelerin başarılı şekilde iş yapabilmesi için, makinelerin, ‘Devir yapan herhangi bir makinenin, su deposundan ısı alması ve bir miktar iş yapması imkansızdır.’ belirten termodinamiğin ikinci yasasını ihlal etmesi gerekir.\r\nTarihçe\r\n\r\nDişli mandalı ve kısa kürek ilk kez ikinci yasaya uymayan makine olarak Gabriel Lipmann tarafından 1900 yılında tartışıldı. 1912 yılında, Polonyalı fizikçi Marian Smoluchowski makinenin neden geçersiz olduğu hakkındaki ilk doğru ve etkili açıklamayı yaptı; kilit mandalının termal hareketi mandallı çark dişlisine geriye doğru kaymasına izin verir. Feynman 1962 tarihinde, Maxwell-Boltzman dağıtımını kullanarak makinenin ilk etkili analizini yaptı. Maxwell-Boltzman dağıtımı kısa küreğin ilk derecesi, mandallı çarkın son derecesinden büyük olursa, makine ısı motoru olarak görev yapar. Fakat, kısa küreğin ilk derecesi mandallı çarkın son derecesine eşit olursa, kısa kürekte hiç net hareket olmaz. 1996 tarihinde, Juan Parrondo and Pep Espeñol mandallı çarkı olmayan sadece iki adet kısa küreğe sahip olan makinenin üzerindeki çeşitliliği, dingil kısa küreğe ve dişli mandala hazneler arasında ısı üretmek için bağlı olduğunu göstermek için kullanmıştır. Feynman’ın vardığı sonuç doğru olmasına rağmen, Feynman’ın analizi duruğumsu yaklaşımı gerçekten sapan şekilde kullandığı ve verim oranı hakkında yanlış sonuçlanan formüller içerdiği için çürütüldü. 1998 tarihinde Magnasco ve Stolovitzky bu analizi bütünü mandallı çarklı makine olarak düşünmek geliştirdi ve makinenin güç randımanının Feynman tarafından iddia edilen Carnot verim oranından çok daha küçük olduğunu gösterdi. 2000 yılında Derek Abbott, Bruce R. Davis ve Juan Parrondo tarafından yazılan bir kağıtta, bu problem tekrar analiz edildi ve Parrondo’nun paradoksuyla bağlantı kurulması için çift mandallı çark içerecek şekilde genişletildi.\r\n\r\n1950 yılında Léon Brillouin mandallı çark yerine diyot kullanılan elektriksel benzeşim fikrinden söz etti. Fikir diyotları etkileyen termal akım dalgalanmalarının düzeltilmiş olması ve iş yapabilmesi için kendiliğinden sıfıra eşit olmayan sabit voltajı dengelemesi gerekmektedir. Daha detaylı analizlerde diyotların içindeki termal dalgalanmanın damıtılmış akım dalgalanmasındaki voltajı nötrleyen elektromotor kuvvet ürettiği ortaya çıkarıldı. Bu nedenden dolayı, diyotlar sadece etkilenen akım dalgaları diyottan farklı bir dereceye sahip olduğunda sıfıra eşit olmayan voltaj üretebilirler.', 'Sarven Yanık', '2015-03-18', '2015-03-18');
INSERT INTO `tbl_paylasimlar` VALUES (9, 6, 'Kitt Peak Ulusal Gözlemevi', 'Kitt Peak Ulusal Gözlemevi (İngilizce: Kitt Peak National Observatory, KPNO), ABD''nin Arizona eyaletinde bulunan bir gözlemevi. Sonora Çölü''ndeki Quinlan Dağları''nda Kitt Tepesi''nde bulunur. Tucson''ın 88 km güneybatısındadır. Asıl olarak Ulusal Görünür Gökbilim Gözlemevi''ne ait olsa da bazı teleskoplar Arizona Üniversitesi gibi farklı kuruluşlara aittir. Nicholas U. Mayall Teleskobu, WIYN Teleskobu gibi 26 adet birbirinden bağımsız teleskoba ev sahipliği yapar. Bu özelliğiyle dünyanın en büyük ve en çeşitli gökbilim aletleri topluluğudur.', 'Ahmet Yılmaz', '2015-03-18', '2015-03-18');
INSERT INTO `tbl_paylasimlar` VALUES (10, 6, 'Kandilli Rasathanesi ve Deprem Araştırma Enstitüsü', '\r\n		\r\n		<p style="margin-top: 0.5em; margin-bottom: 0.5em; line-height: 22.3999996185303px; color: rgb(37, 37, 37); font-family: sans-serif;"><a href="https://tr.wikipedia.org/wiki/T%C3%BCrk" title="Türk" class="mw-redirect" style="color: rgb(11, 0, 128); background: none;">Türk</a>&nbsp;bilim tarihinin önemli kurumlarından biri olan&nbsp;<b>Kandilli Rasathanesi</b>&nbsp;<font color="#0b0080"><span style="background-attachment: initial; background-size: initial; background-origin: initial; background-clip: initial; background-position: initial; background-repeat: initial;">1868</span></font>''de kuruldu.&nbsp;<a href="https://tr.wikipedia.org/wiki/31_Mart_Olay%C4%B1" title="31 Mart Olayı" class="mw-redirect" style="color: rgb(11, 0, 128); background: none;">31 mart</a>&nbsp;olayları (<a href="https://tr.wikipedia.org/wiki/12_Nisan" title="12 Nisan" style="color: rgb(11, 0, 128); background: none;">12 Nisan</a>&nbsp;<a href="https://tr.wikipedia.org/wiki/1909" title="1909" style="color: rgb(11, 0, 128); background: none;">1909</a>) sırasında tahrip edildi ve&nbsp;<font color="#0b0080"><span style="background-attachment: initial; background-size: initial; background-origin: initial; background-clip: initial; background-position: initial; background-repeat: initial;">Maçka</span></font>''ya taşındı. Matematikçi hem de din adamı&nbsp;<font color="#0b0080"><span style="background-attachment: initial; background-size: initial; background-origin: initial; background-clip: initial; background-position: initial; background-repeat: initial;">Fatin Hoca</span></font>&nbsp;(Gökmen) tarafından 1911 yılında halen bulunduğu yer olan&nbsp;<a href="https://tr.wikipedia.org/wiki/Kandilli" title="Kandilli" class="mw-disambig" style="color: rgb(11, 0, 128); background: none;">Kandilli''ye</a>&nbsp;taşındı.</p><p style="margin-top: 0.5em; margin-bottom: 0.5em; line-height: 22.3999996185303px; color: rgb(37, 37, 37); font-family: sans-serif;">Rasathane,&nbsp;<font color="#0b0080"><span style="background-attachment: initial; background-size: initial; background-origin: initial; background-clip: initial; background-position: initial; background-repeat: initial;">1982</span></font>’de&nbsp;<font color="#0b0080"><span style="background-attachment: initial; background-size: initial; background-origin: initial; background-clip: initial; background-position: initial; background-repeat: initial;">Boğaziçi Üniversitesi</span></font>’ne devredildi. Daha sonra 28.03.1983 tarih ve 2809 sayılı yasayla kanunlaşan 41 sayılı kararnameyle; üniversite bünyesinde; Kandilli Rasathanesi ve Deprem Araştırma Enstitüsü (KRDAE) adını aldı. Enstitü kapsamında;&nbsp;<font color="#0b0080"><span style="background-attachment: initial; background-size: initial; background-origin: initial; background-clip: initial; background-position: initial; background-repeat: initial;">deprem mühendisliği</span></font>,&nbsp;<font color="#0b0080"><span style="background-attachment: initial; background-size: initial; background-origin: initial; background-clip: initial; background-position: initial; background-repeat: initial;">jeodezi</span></font>,&nbsp;<font color="#0b0080"><span style="background-attachment: initial; background-size: initial; background-origin: initial; background-clip: initial; background-position: initial; background-repeat: initial;">jeofizik</span></font>&nbsp;anabilim dalları ile&nbsp;<font color="#0b0080"><span style="background-attachment: initial; background-size: initial; background-origin: initial; background-clip: initial; background-position: initial; background-repeat: initial;">astronomi</span></font>,&nbsp;<font color="#0b0080"><span style="background-attachment: initial; background-size: initial; background-origin: initial; background-clip: initial; background-position: initial; background-repeat: initial;">jeomanyetizma</span></font>,<font color="#0b0080"><span style="background-attachment: initial; background-size: initial; background-origin: initial; background-clip: initial; background-position: initial; background-repeat: initial;">meteoroloji</span></font>&nbsp;laboratuvarları bulunmaktadır.</p><p style="margin-top: 0.5em; margin-bottom: 0.5em; line-height: 22.3999996185303px; color: rgb(37, 37, 37); font-family: sans-serif;">Ord.Prf.dr Hıfzı Veldet Velidedeoğlu tarafından Prof.Dr.Ahmet Mete Işıkara Kandilli Rasathanesi Genel Müdürü olarak atanmıştır. Köy Enstütülerinde tahsil gördükten sonra;Hıfzısıhha Enstütüsü kurucusu Dr.Refik Saydam ile Behçet hastalığını bulan Dr.Behçet ile Nuri Leflef,dr.Mazhar Osman,Prf dr.Siyami Ersek,İ.T.Ü mezun olmuşlardır.llllll</p>\r\n					', 'Ahmet Yılmaz', '2015-03-18', '2015-05-01');
INSERT INTO `tbl_paylasimlar` VALUES (11, 7, 'Fraunhofer-Gesellschaft', 'Fraunhofer Gesellschaft ya da Fraunhofer Enstitüsü, Avrupa''nın en büyük uygulamalı bilimler araştırma ve geliştirme organizasyonudur. Birçok dalda faaliyet göstermekte birlikte, merkezi Almanya olmak üzeri yurtiçi ve yurtdışında toplam 60 Enstitü ile başta Elektronik olmak üzere Kimya, Biyoloji, İnşaat gibi değişik alanlarda üniversitelerle iş birliği içinde araştırmalar yürütmektedir. Dünya çapında en ünlü buluşlarından biri MP3`dür. (Fraunhofer Institut für Integrierte Schaltungen). Bunun yanında en önemli özelliklerinden bir tanesi öğrencilere tanımış oldugu imkânlardır. Ögrenciler Almanya genelindeki bu enstitülerde stajlarını gerçekleştirmeleri ve tezlerini yazmalarının yanı sıra, eğitimleri boyunca kısmi olarak Fraunhofer''da werkstudent olarak yarı zamanla çalışma olanağı sunulmaktadır.', 'Sarven Yanık', '2015-03-18', '2015-03-18');
INSERT INTO `tbl_paylasimlar` VALUES (12, 8, 'GPS', 'GPS (Global Positioning System; Küresel Konumlama Sistemi), Dünya üzerinde herhangi engelsiz bir görüş hattında, dört veya daha fazla uydusu ile her türlü hava koşulunda yer ve zaman bilgileri sağlayan uzay tabanlı uydu navigasyon sistemidir.[1] Düzenli olarak kodlanmış bilgi yollayan bir uydu ağıdır ve uydularla arasındaki mesafeyi ölçerek Dünya üzerindeki kesin yeri tespit etmeyi mümkün kılar. Küresel ölçekte çalışır bu tür sistemlerin öncülüdür. Bu sistem, Amerika Birleşik Devletleri Savunma Bakanlığı''na ait, yörüngelerinde sürekli olarak ilerleyen uydulardan oluşur. Savunma Bakanlığı tarafından desteklenen sistem, bir GPS alıcısı ile kullanılacak şekilde herkes tarafından erişilebilirdir. Uydular bir tür radyo sinyali yayarlar ve yeryüzündeki GPS alıcıları bu sinyalleri alıp yorumlayarak konum belirlenmesini gerçekleştirir.\r\n\r\nGPS projesi, öncelindeki navigasyon sistemlerinin kısıtlı işlevselliklerini aşabilmek amacıyla[2] 1960''lardan gelen bir dizi gizli mühendislik çalışması da dahil olmak üzere ilk denemelerde ortaya çıkan birkaç görüşün de bütünleştirilmesi ile, 1973 yılında geliştirilmişti. GPS, ABD Savunma Bakanlığı (DoD) tarafından esas olarak 24 uydu ile çalışacak şekilde tasarlanıp yapılmış ve devreye alınmıştı. 1994 yılında tam olarak işler hale gelmiştir. Sistem, Bradford Parkinson, Roger L. Easton ve Ivan A. Getting''in icatları ile güçlendirildi.\r\n\r\nGPS sistemi, var olan sistem üzerinde teknoloji ilerlemeleriyle ve yeni taleplerle artık yenileştirilme ve Yeni Nesil Operasyonel Kontrol Sistemi (OCX) destekli, gelişmiş GPS III uydularının hayata geçirilmesi çabalarına yol açmıştır.[3] Beyaz Saray ve Başkan Yardımcısı Al Gore 1998 yılında duyurular ile bu değişimi başlattı. 2000 yılından beri, GPS III yenileştirilmeleriyle ilgili kararlarda ABD Kongresi yetkilidir.\r\n\r\nEk olarak diğer sistemlerin kullanımında GPS geliştirilme aşamasındadır. Rus navigasyon sistemi GLONASS, GPS ile birlikte çağıldaşı olarak geliştirilmektedir; ama O, 2000''li yılların ortalarına kadar dünyayı tam olarak kapsamadan çalışmıştır.[4] GPS''in yanı sıra AB tarafından geliştirilen Galileo, Çin tarafından geliştirilen Compass ve Hindistan tarafından geliştirilen IRNSS adlı konumlandırma sistemleri de vardır.\r\nTarihi\r\n\r\nGPS sistemi ilk askeri gereksinimler için tasarlanmıştı. Tasarımı kısmen 1940''lı yılların başlarında geliştirilen, İkinci Dünya Savaşı sırasında kullanılan ve daha sonra da uzun süre kullanılmış o dönem için bir çözüm olan LORAN (LORAN - Long Range Navigation) ve Decca Gezgini gibi benzer yer tabanlı radyo-seyir sistemlerine dayanmaktadır. GPS''in ilk kullanımı İkinci Dünya Savaşı''nın hemen sonrasına dayanır. Sistem, sinyal alıcıları ile yön bulmakta, askeri planlarda ve konum hesaplamalarında ve güdümlü roketlerin kontrolünde kullanılmak üzere tasarlanmıştı. GPS sistemi, ancak 1980''lerde sivil kullanıma açılmıştır.', 'Sarven Yanık', '2015-03-18', '2015-03-18');
INSERT INTO `tbl_paylasimlar` VALUES (13, 8, 'Fiziki coğrafya', 'Fiziki coğrafya (aynı zamanda jeosistemler ve fizyografi olarak da bilinir) coğrafyanın büyük alanlarından biridir.[1] Fiziki coğrafya; insan coğrafyasının alanı olan kültürel çevre aksine, atmosfer, hidrosfer,biosfer ve jeosfer gibi doğal çevrelerin süreç ve değişimlerini inceleyen doğa bilimi dalıdır.\r\n\r\nFiziki coğrafyanın yapısı içinde; Dünya birkaç küre veya çevreye ayrılarak incelenir. Bunlardan başlıcaları; atmosfer,biosfer,buzulküre, jeosfer, hidrosfer, litosfer ve pedosferdir. Fiziki coğrafya araştırmaları genelde disiplinler arasıdır ve sistemsel yaklaşımı kullanır.', 'Ahmet Yılmaz', '2015-03-18', '2015-03-18');
INSERT INTO `tbl_paylasimlar` VALUES (14, 9, 'Atlas', 'Atlas Türkiye''de Nisan, 1993''den beri yayımlanan bir aylık coğrafya ve keşif dergisidir. Çevre ve tarihi sitler konuları ile ilgili haberler de dergide yer alır.Doğan Burda Dergi bünyesinde çıkarılan derginin yayın yönetmenliğini Özcan Yüksek, yayın danışmanlığını ise Mehmet Yaşin yapmaktadır.Atlas Tatil, Arkeo Atlas, Atlas İstanbul ve FotoAtlas gibi 3 aylık ya da yıllık olarak yayımlanan ekleri de vardır.\r\n\r\n2014 şubat ayı itibariyle Yayın Yönetmeni Özcan Yüksek''in görevine son verilmiş, yerine fotoğraf editörü Sinan Çakmak getirilmiştir.', 'Sarven Yanık', '2015-04-09', '2015-04-15');
INSERT INTO `tbl_paylasimlar` VALUES (15, 10, 'Ali Cevat', 'Ali Cevat''ın doğum yeri ve tarihi hakkında kesin bir bilgi ve kaynak yoktur. Ali Cevat, Harp Okulu''nu bitirdi. II. Meşrutiyetten sonra kısa bir süre sürgüne gönderildi. Osmanlı coğrafyasına ve tarihine ilişkin eserleri vardır. Tarih ve coğrafyaya ilişkin eserleri çağımızda bile sık sık başvurulan kaynak yapıtlardandır.', 'Ahmet Yılmaz', '2015-04-17', '2015-04-17');
INSERT INTO `tbl_paylasimlar` VALUES (16, 10, 'Faik Sabri Duran', '1882 yılında, o tarihte İstanbul şehremanetine bağlı bir mutasarrıflık olan Üsküdar''da doğdu. İlkokulu "Ravzaj Terakki" okulunda, orta öğrenimini de "Üsküdar İdadisi"nde yaptıktan sonra 1908’de Fransa’ya gönderildi[1]. 1912 yılında öğrenimini tamamlayarak yurda döndü ve sonradan adı İstanbul Üniversitesi olacak olan "İstanbul Darülfünunu"nda göreve başladı. Darülfünun''da kendi öncülüğünde açılan "Edebiyat Şubesi"nde (Edebiyat Fakültesi) coğrafya öğretmenliğini (müderris) üstlendi. Başarılarından dolayı II. Abdülhamit tarafından 10 madalyayla ödüllendirildi. 1920 yılından itibaren hem kendi şubesinde hem de aralarında Mülkiye Mektebi,Yüksek Muallim ve Maliye Mekteblerinin de bulunduğu bazı okullarda idari ve öğretim görevleri de alan Duran, 1941 yılında "Birinci Coğrafya Kongresi"nin çalışmalarına katıldı, ayrıca "Türk Coğrafya Kurumu"nun kurucuları arasında yer aldı.\r\n\r\nTürkiye''de adı coğrafya sözcüğüyle özdeşleşmiş olan Faik Sabri Duran''ın başta coğrafya atlasları ve haritaları olmak üzere çok sayıda coğrafya, doğa ve gezi kitabı vardır. Onun hazırladığı renkli coğrafya atlasları çok uzun yıllar ilk ve ortaöğretim okullarında ders kitabı olarak okutulmuş ve halâ okutulmaya devam etmektedir.[2]. İstanbul Darülfünunu''ndayken "müderris" ünvanını kullanan Faik Sabri Duran, Darülfünun''un 1 Ağustos 1933’de bir kanunla İstanbul Üniversitesi''ne dönüştürülmesiyle profesör ünvanını almıştır.\r\n\r\nYazar İlhami Soysal, 1978''de yayımladığı "Türkiye ve Dünyada Masonluk ve Masonlar" adlı kitabının "Cumhuriyet Sonrası Masonları" adlı bölümünde Faik Sabri Duran''ın da bir Mason olduğundan bahseder.', 'Sarven Yanık', '2015-04-17', '2015-04-17');
INSERT INTO `tbl_paylasimlar` VALUES (17, 11, 'Biyoloji', 'Biyologlar, tüm canlıları; tüm gezegeni kaplayan küresel boyuttan, hücre ve molekülleri kapsayan mikroskobik boyuta kadar onları etkileyen önemli dinamik olaylarla birlikte inceleyen, biyoloji bilimiyle uğraşan kişilerdir. Birçok süreci bünyesinde barındıran hayati süreçlerden bazıları; enerji ve maddenin işlenmesi, vücudu oluşturan maddelerin sentezlenmesi, yaraların iyileşmesi ve tüm organizmanın çoğalmasıdır.\r\n\r\nHayatın gizemleri, tarihteki tüm insanları etkilediğinden; insanın fiziksel yapısı, bitkiler ve hayvanlar hakkındaki araştırmalar tüm toplumların tarihlerinde yer bulur. Bu kadar ilginin bir kısmı, insanların hayata hükmetme ve doğal kaynakları kullanma isteğinden gelmektedir. Soruların peşinden koşmak, insanlara, organizmaların yapıları hakkında bilgi kazandırdı ve de yaşam standartları, zamanla yükseldi. İlginin bir diğer kısmı ise, doğayı kontrol etme isteğinden çok, onu anlama isteğinden gelmektedir. Bu araştırmaların ilerletilmesi, bizim dünya hakkındaki düşüncelerimizi değiştirmiştir.\r\n\r\nBiyolojinin; botanik, zooloji ve tıp gibi birçok dalı eskidir. Ancak, bunları tek bir kategori altında toplayan "biyoloji", ancak 19. yüzyılda ortaya çıkmıştır. Bu bilmin gelişmesiyle, bilim insanları, bütün yaşayan varlıkların, ortak bazı özellikler taşıdıklarını anlamışlardır. Bu nedenle de varlıkların bir bütün içerisinde incelenmesinin yararlarını kavramışlardır. Biyoloji, günümüzde, en önemli bilim dallarından biridir: Tüm yeryüzündeki biyoloji ve tıp dergilerde, yıllık bir milyon makaleden fazla yayımlanmaktadır.[1] Aynı zamanda, biyoloji, yeryüzündeki tüm okullarda öğretilen ana derslerden biridir.', 'Ahmet Yılmaz', '2015-04-19', '2015-04-19');
INSERT INTO `tbl_paylasimlar` VALUES (18, 12, 'Gerçek', 'Gerçek kavramı, felsefi bir kavram olarak, genel anlamda, düşüncede varolan ya da düşülmüş şeylere karşıt anlamda varolan, düşünülmüş olanın dışında mevcut olan anlamındadır. Felsefe tarihinin en eski ve köklü tartışması bu gerçek kavramı üzerinde yürülmüştür. Tasarım ve imgelemden bağımsız olarak varolanlar gerçek olarak ileri sürüldüğü gibi, bunu olanaksız gören ve gerçekliği bir tür tasarımların parçası olarak değerlendirilen eğilimler de vardır. Ontoloji ve epistemoloji alanında, bazen bu alanları birbiriyle ilişkilendiren bazen ayrıştıran anlam katmanlarıyla kullanılan bir kavramdır gerçek. Gerçeklik kavramı da buradaki gerçek kavramından hareketle kullanılan, gerçek olarak varolan şeylerin tümünü ifade eden bir kavramdır. Tarih boyunca bu kavram üzerinden birçok farklı ya da karşıt felsefe akımları ve okulları ortaya çıkmıştır.', 'Sarven Yanık', '2015-04-19', '2015-04-19');
INSERT INTO `tbl_paylasimlar` VALUES (19, 13, 'Doğalgaz', 'Doğal gaz yer kabuğunun içindeki fosil kaynaklı bir çeşit yanıcı gaz karışımıdır. Bir petrol türevidir. Yakıt olarak önem sıralamasında ham petrolden sonra ikinci sırayı alır. Doğal gazın büyük bölümü (%70-90''ı), Metan gazı (CH4) adı verilen hidrokarbon bileşiğinden oluşur. Diğer bileşenleri; etan (C2H6), propan(C3H8), bütan (C4H10) gazlarıdır. İçeriğinde eser miktarda karbondioksit (CO2), azot (N2), helyum(He) ve hidrojen sülfür (H2S) de bulunur. Doğal gaz konvansiyoneldir ve konvansiyonel olmayan doğal gaz türleri arasında kaya gazı, kum gazı ve kömür gazı bulunur.\r\n\r\nDoğal gazı oluşturan hidrokarbon bileşikleri, yeraltındaki petrolün de bileşenleridir. Doğal gaz geçmişte petrol üretimi esnasında ortaya çıkan yararsız bir atık olarak görülmüş ve petrol üretim tesislerinde yakılarak uzaklaştırılmıştır. Günümüzde ise değerli ve stratejik bir enerji kaynağı olarak sıklıkla evlerde ve endüstride kullanılmaktadır.\r\n\r\nDünya üzerinde Antarktika dışında tüm kıtalarda doğal gaz üretilmektedir. Dünyadaki en büyük üretici Bağımsız Devletler Topluluğu''dur. ABD, Kanada ve Hollanda ve İran da önemli doğal gaz üreticileri ülkelerdendir.\r\n\r\nDoğal gazı en verimli ve en ucuz taşıma yöntemi boru hattı kullanımıdır. ABD''de büyük bölümü II. Dünya Savaşı sırasında döşenmiş yaklaşık 3,2 milyon km doğal gaz boru hattı vardır.\r\n\r\nBunun yanında doğal gaz basınçlı tanklarda sıvılaştırılmış olarak da taşınabilir. Sıvılaştırılmış doğal gazın (LNG) taşıma sırasında çok yüksek basınç altında ve düşük sıcaklıklarda tutulması zorunluluğu, bu taşıma yöntemini boru hattı yöntemine göre daha verimsiz kılmaktadır.', 'Sarven Yanık', '2015-04-19', '2015-04-19');
INSERT INTO `tbl_paylasimlar` VALUES (20, 13, 'Petrol', 'Petrol, neft ya da yer yağı, hidrokarbonlar oluşmuş, sudan yoğun kıvamda, koyu renkli, arıtılmamış, kendisine özgü kokusu olan, yeraltından çıkarılmış doğal yanıcı mineral yağı. Latince’de taş anlamına gelen "petra" ile yağ anlamına gelen "oleum" sözcüklerinden oluşmuştur (Petra oleum= Petrol).\r\n\r\nPetrol halk arasında, yalnız belirli bir yakıtı (benzin, gazyağı, dizel - motorin, motor yağı, fuel oil) olarak bilinmesine rağmen, aslında petrol kelimesi doğal halde bulunan ve yeraltından çıkarılan işlenmemiş ham petrol anlamına gelmektedir.\r\n\r\nPetrol, hidrokarbonların karışımından meydana gelmiş olup, her zaman sabit bir kimyevî bileşimi yoktur. Doğal akaryakıt olan ham petrol, bulunduğu memleketlere göre değişen bileşimler gösterir. Örneğin; Amerika''da özellikle Pensilvanya bölgesinde çıkarılan petroller genellikle hidrokarbon sınıfından olan bileşikleri, Rusya petrolleri, kötü kokulu naften sınıfından bileşikleri; Romanya petrolleri ise bu ikisinin bir karışımını içerir.\r\n\r\nÇeşitli tipteki petrollerin kendine has ağırlıkları 0,80-0,96; alevlenme noktaları 15-120 °C ve ortalama ısıtma kuvvetleri 10,500 kcal/kg''dır. Ortalama elementel bileşimleri ise; karbon %84, hidrojen %12, oksijen %1 olup çok az miktarda da kükürt bulunur. Teksas ve Kaliforniya petrollerinde kükürt diğerlerine oranla fazladır.\r\n\r\nDeğişik kimyasal içeriğe sahip hidrokarbonların bir araya gelerek oluşturduğu değişik kimyevi bileşimde olan çok sayıda petrol tipi bulunmaktadır (Örneğin: parafin bazlı petrol, asfalt bazlı petrol gibi).\r\n\r\nYüz milyonlarca yıl önce, denizlerde yaşayan ya da suların denizlere sürüklediği hayvan ve bitki kalıntıları anaeorabik bir ortamda, gerekli şartlar altında (ısı basınç ve mikroorganizmaların etkisiyle), ham petrole benzer kerojeni meydana getirmiştir. Kerojen sonradan, yukarı tabakalara doğru göç etmesi esnasında gittikçe değişmiş ve ham petrolü meydana getirmiştir. Bu yüzden de hiçbir sahanın ham petrolü, tam olarak öteki bir sahanın ham petrolüne uymaz; muhakkak az çok farklar bulunur. Hatta bu durum, aynı bir petrol sahasında bile, çoğu zaman görülür.\r\n\r\nOPEC''in kurucusu Venezuellalı politikacı Juan Pablo Pérez, doğaya ve dünya siyasetine yaptığı olumsuz etkilerinden dolayı petrolü şeytanın pisliği olarak tanımlamış ve gelecekte insanlığın mahfına sebep olacağını öngörmüştü.', 'Ahmet Yılmaz', '2015-04-19', '2015-04-19');
INSERT INTO `tbl_paylasimlar` VALUES (21, 14, 'Ahmed Vefik Paşa', 'Türkçülük hareketinin öncülerinden. İki defa Maarif Nazırlığı (Eğitim Bakanı) yaptı; ilk Osmanlı Meclis-i Mebusan''ında İstanbul vekili olarak yer aldı ve başkanlığı üstlendi; 4 Şubat 1878 - 18 Nisan 1878 ve 1 Aralık 1882 - 3 Aralık 1882 tarihleri arasında iki defa Başvekillik (Sadrazamlık, Başbakanlık) görevine getirildi.\r\n\r\nİlk Türkçe sözlüklerden birisi olan “Lehçe-i Osmani”’nin yazarı olan Paşa, devlet adamlığının yanı sıra 16 dil bilen bir bilimadamıdır. Bursa valiliği sırasında bu kentte bir tiyatro yaptırmakla ün kazanmıştır.\r\nYaşamı\r\n\r\nKimi kaynaklara göre 3 Temmuz 1823’de İstanbul’da doğdu (ancak doğum tarihi hakkında 1813’ten 1823’e kadar değişik kaynaklar gösterilir[2]).\r\n\r\nYunan kökenli[3]Hariciye Nezareti memurlarından Ruhittin Efendi''nin oğludur. Dedesi Yahya Naci Efendi, Müslüman Osmanlı memurlara yabancı dil öğretmek için kurulan ve devletin yıkılışına kadar varlığını sürdüren Tercüme Odası’nın ilk müslüman çevirmenidir. Babası da Fransızca bilirdi ve çevirmenlik yapmış, Tercüme Odası’nda çalışmış bir kişiydi. Türk edebiyatının büyük şairlerinden Abdülhak Hamid Tarhan’ın babası Hayrullah Efendi ile de kardeş çocuğu olan[4] Ahmet Vefik Paşa’nın yetiştiği aile çevresi onu dil öğrenmeye, çevirmenlik yapmaya yöneltmiştir.\r\n\r\n1831 yılında İstanbul’da başladığı eğitimini, babasının görevi nedeniyle gittiği Paris’te dönemin gözde okullarından Saint Louis Le Grand Lisesi’nde tamamladı. Babası, Paris’e elçi olarak atanan Mustafa Reşit Paşa’nın tercümanlığını yapmaktaydı. Kendisi de Paris’te bulunduğu süre içinde Fransızca’yı anadili gibi öğrendi. Fransızca’nın yanı sıra İtalyanca, Yunanca ve Latince de öğrendi', 'Sarven Yanık', '2015-04-19', '2015-04-19');
INSERT INTO `tbl_paylasimlar` VALUES (22, 14, 'Evliya Çelebi', '25 Mart 1611''de Kütahya''da bazı kaynaklara göre de İstanbul[3]'' da doğdu. Babası Derviş Mehmed Zilli, Süleyman''dan I. Ahmed’e kadarki padişahların kuyumcubaşılığında bulunmuş ve seferlere katılmıştır. Çelebi ailesi aslen Kütahyalı olup, daha sonra İstanbul''a yerleşmiştir.\r\n\r\nEvliya Çelebi, çok iyi bir öğrenim gördü. Önce mahalle mektebine gitti. Daha sonra Şeyhülislam Hamit Efendi Medresesi''ne girdi. Burada yedi yıl okuduktan sonra saraya özgü bir okul olan Enderun''a devam etti.\r\n\r\nOkul öğreniminin dışında özel hocalardan Kur''an, Arapça, güzel yazı, musiki, beden eğitimi ve yabancı dil dersleri aldı. Kur''an''ı ezberleyerek hafız olmuştur. Öğrenimini bitirdikten sonra sarayda görev aldı. Yaptığı işlerle padişah ve devlet ileri gelenlerinin beğenisini kazandı. Bu yüzden çok yüksek görevlere getirilmesi düşünülüyordu.\r\nSeyahate başlaması\r\n\r\nEvliya Çelebi''nin düşünceleri ise çok farklıydı. Daha küçük yaşlarından itibaren içinde müthiş gezi arzusu vardı. Yeni yerler görmek, yeni insanlar tanımak istiyordu. Bu yüzden sarayda fazla kalamadı. Kendisinin anlattığına göre bir rüya üzerine meşhur gezilerine başladı. Gördüğü rüya şöyledir: Rüyasında İstanbul''da Yemiş İskelesi civarında Ahi Çelebi Camii''ndedir. Orada muazzam bir cemaat vardır. Dikkat eder, İslam peygamberi Hz.Muhammed''i baş tarafta görür. Dört sadık halifesi ve diğer ashabı da hep oradadır. Muhammed''in yanına gidip ondan şefaat dilemek arzusundadır. Ama bir türlü cesaret edip de gidemez. En sonunda bir cesaretle gidip "Şefaat ya Resulallah" diyeceğine, "Seyahat ya Resulallah" der. Böylece, 70 yaşına kadar sürecek ve çeşitli tehlike, sıkıntı ve hadiseler geçirmesine rağmen vazgeçmeyeceği seyahati başlar.\r\n\r\nİlk gezisini, İstanbul ve çevresine yaptı. Daha sonra İstanbul dışına çıktı. Artık, gezileri birbirini izliyordu. Kırk yılı aşkın bir süre durmadan gezdi. Gezdiği yerler arasında o zamanki Osmanlı İmparatorluğu sınırları içerisinde yer alan hemen hemen bütün yerler vardı.[kaynak belirtilmeli]\r\n\r\nEvliya Çelebi, bu gezileri sırasında çok ilginç yerler gördü. Yeni insanlarla tanıştı. Birçok olayla karşılaştı. Karşılaştığı ilginç olayları okuyucuya anlatarak kitabına renk kattı. Gezileri sırasında birçok kez ölümle burun buruna geldi. Savaşlara katılarak hem savaşları hem de o yerleri anlattı. Gezmek için gittiği son yer Mısır oldu. 1682 yılından sonra vefat etti. Evliya Çelebi''nin bugün bile önemini taşıyan Seyahatname adlı eseri işte bu gezilerin ürünüdür.', 'Sarven Yanık', '2015-04-23', '2015-04-23');
INSERT INTO `tbl_paylasimlar` VALUES (23, 15, 'İstanbul''un Fethi', 'İstanbul''un Fethi ya da Avrupa kaynaklarındaki ismiyle Konstantinopolis''in Düşüşü (Yunanca: Άλωση της Κωνσταντινούπολης), 6 Nisan-29 Mayıs 1453 tarihleri arasındaki kuşatmanın sonucunda Osmanlı Padişahı II. Mehmet komutasındaki birliklerin Bizans İmparatorluğu''nun başkenti İstanbul''u ele geçirmesi.\r\n\r\nİstanbul, daha önce de defalarca kuşatılmıştı; VII.-VIII. asırlarda Emeviler ve Abbasiler tarafından kuşatıldı ancak başarısız olundu. Osmanlılar da şehri daha önce kuşatmıştı, Mateos Kantakuzinos''un Bizans tahtına geçmesini sağlamışlar ve ödül olarak Çimpe Kalesi''ni alarak Rumeli''de ilk kez toprak kazanmışlardı. Rumeli''ye geçişle beraber bölgede sınırları genişleyen Osmanlılar ilk kez I. Bayezid komutasında 1395 yılında İstanbul''u kuşattı. Bazı kaynaklarda ise 1391 tarihli farklı bir kuşatmadan söz edilmektedir. I. Bayezid''in kuşatmasında mancınıklar kullanıldı, kuşatma üzerine Macar Krallığı günümüz Bulgaristan topraklarına taarruz etti ve İstanbul kuşatması sonlandırıldı. Ertesi yıl kuşatma tekrar başladı ve bu sefer deniz bağlantısını tümüyle koparmak için Anadolu Hisarı inşa edildi. Bizans imparatorunun ateşkes talebi üzerine kuşatma kaldırıldı. Ankara Savaşı''yla beraber Osmanlı Devleti Fetret Devri''ne girdi. Bu dönemde Bayezid''in oğullarından Musa Çelebi tarafından 1412 yılında İstanbul tekrar kuşatıldı. Musa Çelebi, kargaşanın Bizans yüzünden olduğuna ve bazı rakip şehzadelerin Bizans tarafından desteklendiğine inanıyordu. Ancak rakip şehzadelerden Çelebi Mehmet''in harekete geçmesi sebebiyle bu kuşatma da kaldırıldı. Dördüncü kuşatma ise II. Murat döneminde oldu; II. Murat elçiler göndererek Düzmece Mustafa''nın desteklenmemesini talep etti ancak karşılık bulamadı. İsyan ile uğraşan II. Murat, Şehzade Mustafa''ya yardım ettiğine inandığı Bizans İmparatorluğu''nun üzerine yürüdü ve kuşatma başladı. Bizans İmparatoru VII. Yoannis''in Karadeniz kıyılarındaki bazı toprakları ve haraç vermeyi teklif etmesiyle bu kuşatma da kaldırıldı. II. Mehmet tahta geçtiğinde etrafı bütünüyle sarılmış bir şehirle karşı karşıyaydı.', 'Sarven Yanık', '2015-04-23', '2015-04-23');
INSERT INTO `tbl_paylasimlar` VALUES (24, 15, 'I.Süleyman', 'I. Süleyman (Osmanlı Türkçesi: سلطان سليمان اول‎, Sultan Süleyman-ı Evvel; 6 Kasım 1494, Trabzon - 7 Eylül 1566, Zigetvar), Osmanlı İmparatorluğu''nun onuncu padişahı ve 89. İslam halifesi. Batıda Muhteşem Süleyman, Doğuda ise adaletli yönetimine atfen Kanunî Sultan Süleyman (Osmanlı Türkçesi ile قانونى سلطان سليمان‎) olarak da bilinmektedir. 1520''den 1566''daki ölümüne kadar, yaklaşık 46 yıl boyunca padişahlık yapan ve 13 kez sefere çıkan Süleyman saltanatının toplam 10 yıl 1 ayını seferlerde geçirmiştir. Süleyman böylece devletin hem en uzun süre görev yapan hem en çok sefere çıkan hem de en uzun süre sefer yapan padişahı olmuştur.\r\n\r\nI. Süleyman 1520 yılında, babası I. Selim''in ölümünün ardından tahta çıktı. Batıda Belgrad, Rodos, Boğdan ve Macaristan''ın büyük kısmını imparatorluk topraklarına kattı. 1529 yılında Viyana''yı kuşatsa da çeşitli sebeplerden ötürü bu kuşatma başarısızlıkla sonuçlandı. Doğuda, Safevîlerle yapılan savaşlar sonrasında Orta Doğu''nun büyük kısmını ele geçirdi. Afrika''da imparatorluğun sınırları Cezayir''e kadar uzanırken; Osmanlı Donanması ise Akdeniz''den Kızıldeniz''e kadar olan sularda hakimiyet kurmuştu. I. Selim''den 6.557.000 km2 olarak devraldığı Osmanlı İmparatorluğu''nu, padişahlığı döneminde 14.893.000 km2''ye ulaştırdı. Zigetvar Kuşatması''nin sonlanmasından bir gün önce, 7 Eylül 1566 tarihinde hayatını kaybetti ve yerine oğlu II. Selim geçti.', 'Ahmet Yılmaz', '2015-04-23', '2015-04-23');
INSERT INTO `tbl_paylasimlar` VALUES (25, 16, 'Fransız İhtilali', 'Fransız Devrimi veya Fransız İhtilâli (1789-1799), Fransa''daki mutlak monarşinin devrilip, yerine cumhuriyetin kurulması ve Roma Katolik Kilisesi''nin ciddi reformlara gitmeye zorlanmasıdır. Avrupa ve Batı dünyası tarihinde bir dönüm noktasıdır. Sosyal bir akımını başlatan en büyük etkendir.\r\n\r\nFransız halkı önceki döneme göre büyük bir evrim geçirmektedir. Halk bilinçlenmektedir ve sarayın, kralın, seçkinlerin denetiminden çıkmaya başlamıştır. Şehirlerde yaşayan pek çok burjuva, büyük bir atılım içindedir. Kitaplar yaygınlaşmakta, aileler çocuklarını üniversitelere göndererek sağlam bir gelecek kurma yolunu tutarak kültürel seviyeyi yükseltmektedir. Bağımsız yayıncıların çıkardıkları gazete, bildiri ve broşürler, kitlesel bilinçlenmeye yol açmaktadır. Bu koşullar da toplumsal değişim taleplerinin olgunlaşmasına yol açmıştır.\r\n\r\nToprak sahipleri ve soylular ayrıcalıklarını korumaya çalışmakta; bu sebeple burjuvaların soylu tabakasına geçmesini engelleyecek barikatlar yükseltilmektedir. Soylular statülerini koruma hevesindeyken, burjuvalar da ekonomik olarak güçlenmelerine rağmen toplumsal haklarda söz sahibi olamamaktan şikâyetçidirler. Kırsal nüfus ise üzerindeki vergi yükünün hafiflemesini istemektedir.\r\n\r\nDevrimci düşünce, ülkede köklü yapısal değişikliklere gitmek gerektiğine inanan katmanlar arasında yayılmaya başlamıştır. Merkezi otorite ülkenin içinde bulunduğu evrimsel süreci kavrayamamış ve eski yöntemlerle sorunları halletme yoluna yönelmek istemiştir. Oysa özellikle burjuva, İngiliz devriminin etkisiyle geçici çözümle yetinmek değil, kitlesel olarak İngiliz modelindeki gibi ‘parlamenter monarşi rejimi’ altında yönetime katılmayı arzulamaktadır.', 'Sarven Yanık', '2015-04-23', '2015-04-23');
INSERT INTO `tbl_paylasimlar` VALUES (26, 16, 'George Washington', 'George Washington (22 Şubat 1732, Virjinya - 14 Aralık 1799, Virjinya), Amerikan Bağımsızlık Savaşı''nda Kıta Ordusu''nun başkomutanı ve ABD''nin ilk başkanı.\r\n\r\nABD''nin bağımsızlık savaşında önemli rol oynadığı için, ülkesinde tarihinin en önemli şahıslarından biri olarak sayılır. Amerikan başkanlık kurumunu şekillendirdi ve iki dönem, sekiz yıl sonra üçüncü dönem başkanlıktan vazgeçerek ülkesinde bir gelenek yarattı (Bu gelenek Franklin D. Roosevelt''e kadar devam etti, sonra anayasallaştı).\r\n\r\nDört nesilden beri Virjinya''da yaşayan bir ailenin çocuğu olarak dünyaya geldi. Babası Augustine Washington (1693-1743) ve annesi Mary Ball (1708-1789) İngiliz asıllıydılar. Henüz 11 yaşında tütün çiftçisi ve mesahacı olan babasını kaybetti.', 'Ahmet Yılmaz', '2015-04-23', '2015-04-23');
INSERT INTO `tbl_paylasimlar` VALUES (28, 16, 'William Wallace', '<b>Wallace''ın zamanında İskoçya</b><hr/>\r\n<p>Doğduğunda Kral III. Alexander 20 yıldan beri hakimiyetini sürdürüyordu. Onun dönemi ekonomik düzen, barış süresi içinde geçti ve İngiltere''nin baskılarına karşı koymayı başardı. 1286''da, Alexander attan düşerek öldü. Tahta geçmek için hiçbir çocuğu sağ değildi. İskoç liderler, Alexander''ın 4 yaşındaki kız torunu Margaret''ı (en)(Norveçli Bakire-The Maid of Norway olarak tanınır) kraliçe ilan ettiler. Yaşından dolayı İskoç liderler, Margaret yetişene kadar İskoçya''yı yönetmesi için geçici bir hükümet kurar. Kral Edward, iktidarsızlıktan İskoç liderlerle yapılan Margaret''ı oğlu ile evlendirme antlaşması olan Birham antlaşmasıyla durumdan yararlanmak ister. Fakat Margaret, Norveç''ten İskoçya''ya dönerken yolda hastalanır ve ölür(1290).\r\n\r\nYaygın inancın aksine John Balliol''un tahta hakkı vardır. Ancak İskoçlar ön yargılardan kaçınmak için sorun hakkında karar verecek bağımsız bir hakimin konu ile ilgilenmesini ister. Kurnazca davranarak, İskoçlar İngiliz kralı I. Edward''ı kraliyetin yerine geçmesi için çağırırlar. Fakat Edward, bağımsız hakem olarak gelmek yerine, büyük bir ordu ile İskoç-İngiliz sınırına gelmiştir. Tartışmalara çözüm bulmak için özerk statüsüne bir lord olarak geldiğini söyler. İstekleri duyulduktan sonra 1292''de, Edward, Balliol''u Özerk İskoç olarak tanımladığı İskoçya''nın hükümdarı seçer. Mart 1296''da Balliol Edward''a vergi vermekten vazgeçer ve bu ayın sonunda Edward İskoç sınırı Berwick-upon-Tweed''e saldırır, çok kan döker. İskoçya''da yaşayan herkesi kiliselere saklansalar dahi katleder. Papa Edward''ın hakimiyeti olan Gascony''de heyet toplar ve yaptıklarından dolayı Edward''a madalya verir. Mayıs ayında İskoçları Lothian''daki Dunbar savaşında mağlup eder.</p>', 'Sarven Yanık', '2015-04-23', '2015-04-23');
INSERT INTO `tbl_paylasimlar` VALUES (31, 15, 'IV. Murad', '<b>Saltanatı''nın İlk Yılları</b></br>\r\nOsmanlı tarihinin ilk reformcusu sayılan II. Osman, 1618 yılında babası Sultan I. Ahmet''in vefatı üzerine ve amcası I. Mustafa''nın üç aylık saltanatından sonra tahta geçmişti. Saltanatının 3. yılında kendini kamuoyuna ispatlamak ve güçlü bir padişah imajı verebilmek için Lehistan üzerine 1621 yılında Hotin Seferine çıkmıştı. Kanuni Sultan Süleyman''ın son seferi olan 1566 Zigetvar Seferi''nin üzerinden 55 yıl geçmiş ve bir padişah ordunun başına ikinci kez geçiyor ve sefere çıkıyordu. Seferde zayıf görülen Lehistan''ın ağır bir yenilgiye uğratılamaması padişahı rahatsız etmiş, başarısızlığın sorumluluğu ocağa yüklenmişti. Genç Osman seferde ocağı yakından tanıma fırsatı bulmuş ve Yeniçeri Ocağının köklü bir reforma tabi tutulması gerektiğine hatta kaldırılmasına karar vermişti. Ocağı tekrar düzenlemek için padişah özetle şu planı yapmıştı: bir şekilde İstanbul''un dışına çıkacak, Anadolu''da yeni bir ordu toplayacak ve bu orduyla merkez garnizonu İstanbul''da bulunan Yeniçeri Ocağını savaşarak ortadan kaldıracaktı. İstanbul''dan orduyu arkasında bırakarak uzaklaşmanın yolu ise Hacca gitmekti. Hac bahanesiyle şehirden uzaklaşmak isterken padişah engellenmiş, isyan çıkmış, geri döndürülmüştü. Topkapı Sarayı''nda kendini güvende hissetmeyen Genç Osman Yeniçeri Ağası''na sığınacaktır. Burada soğukkanlılığa davet edilen ve yatıştırılan padişah çok geçmeden ve temayüllere aykırı bir şekilde yakalanmış, devamında da halka teşhir edilerek ve hakaretamiz muamelelerle Yedikule zindanlarına götürülmüştür. Var olan durumun değişmesini istemeyen ve varlıkları sürdürmek isteyen cuntacı grup padişahın tutuklu da olsa sağ olmasından rahatsız olacaktır. Kendi istikballeri için bu genç ve reformcu padişahın infaz edilmesine karar verilmiş ve tutuklu bulunduğu koğuşta boğdurulmuştur. Bu olay Osmanlı tarihinin en büyük darbelerinden birisi olarak tarihe geçmiştir. Devamında tahta ikinci kez çıkarılan I. Mustafa''nın padişahlık yapamayacağı bir kez daha anlaşılmış ve nihayet Kemankeş Ali Paşa''nın önderliğinde tahta henüz 11 - 12 yaşında olan Sultan IV. Murat geçirilmiştir. Sultan Murat, tahta böylesi bir kaos ortamında geçecek ve o güne kadar tahta çıkan en küçük padişah olacaktır. Padişahlığına kadar geçen dönemde kendisi kafeste bekletilmiştir. Eski Saray''da bulunan annesi Kösem Sultan Topkapı Sarayı''na getirilerek oğlunu cülus törenine hazırlamıştır. Ertesi gün, 10 Eylül 1623''te Eyüp Sultan''da Aziz Mahmut Hüdai hazretlerinin elinden kılıç kuşanmış ve 4 gün sonra da sünnet ettirilmiştir. Sultan IV. Murat tahta geçmesiyle sonuçlanan süreç ön görülemediğinden padişahlığa hazır değildi, eğitimi kafeste sağlanamamıştı. Sultan Murat, ağabeyi Genç Osman''ın öldürülmesine ve amcası Sultan I. Mustafa''nın yetersiz bulunarak tahttan indirilmesine şâhit olmuştu. Ülke büyük bir kaosun içindeydi. Konumunu kanlı bir şekilde güçlendiren ve menfaatlerine dokunulduğunda padişah bile infaz edebileceğini gösteren Yeniçerilerin devam eden İsyanları ve uzlaşmaz tavırları, Safevîlerin doğuda Bağdat''ı ele geçirmeleri, Avrupa''daki gelişmeler ve 30 yıl savaşları, Avusturya tehtidi, Celali İsyanları, Anadolu''da bozulan asayiş ve eşkiya terörü ve nihayet ekonomik şartlar çocuk yaştaki padişahı zor durumda bırakıyordu. Tüm bu nedenlerden dolayı IV. Murat''ın tahta kendisinden önceki padişahlara göre çok olumsuz bir ortamda geçtiği bir gerçektir.', 'Sarven Yanık', '2015-04-23', '2015-04-23');
INSERT INTO `tbl_paylasimlar` VALUES (33, 16, 'Rodos Adası', '\r\n		<div>Rodos (Yunanca: Ρόδος) Ege Denizi''nde ada, Oniki Adaların en büyüğü, Yunanistan''ın, Meis adası hesaba katılmazsa, en doğuda bulunan adası, adanın aynı adlı idari merkezi. Türkiye kıyılarının en yakın noktası olan Bozburun Yarımadası''ndan 18 km (11 mil) mesafededir. Adanın 2004 nüfusu 130.000 olup, bunun 55.000''i Rodos şehrinde yaşamaktadır. Rodos şehri Yunanistan''ın Oniki Adalar (Δωδεκάνησα, Dodekanisa) idari bölgesinin ve (Sömbeki, Herke, İleki ve Meis adalarını da içeren) Rodos ilinin (nomos) merkezidir.&lt;/p&gt;</div><div><br></div><div>&lt;p&gt;Dünyanın yedi harikasından biri kabul edilen Rodos Heykeli (Kolossos) MÖ 280 yılında Dorlar tarafından Rodos liman girişinde inşa edilmiştir. Rodos şehrinin Tapınak Şövalyeleri tarafından inşa edilmiş kalesi ve Orta Çağ''dan kalma mahallesi UNESCO Dünya Mirası Listesi''ndedir. Adada ayrıca, Rodos Diagoras Uluslararası Havaalanı ile Rodos şehri arasında kalan kesimde toplanmış 3.500 nüfusluk bir Türk azınlık bulunmaktadır. İç kısımları ormanlıktır ve Türk çamı da denilen Pinus brutia ağaçları kızılçamlar ile kaplıdır. Adanın flora ve faunasının, genel olarak, Yunanistan''ın kalan kısımlarından ziyade Türkiye''nin batı sahillerini andırdığı kabul görmektedir. Adanın kuzey ucundaki Rodos dışındaki en önemli yerleşim, güneydoğu sahilindeki Lindos''tur.&lt;/p&gt;</div><div><br></div><div><b><font size="4">Coğrafya</font></b></div><div><hr></div><div>Rodos adası mızrak ucu benzeri biçimdedir. 79,7 km uzunluk ve 38 km genişlik ile toplam alanı yaklaşık 1.398 km² dir(540 mil kare).Deniz sahili yaklaşık 220 km dir. Rodos şehri adanın kuzey ucu sonundadır. Antik çağ sitesi ve modern ticaret limanını içerir. Ana havayolu kapısı Diagoras International Airporttur. IATA daki kodu: RHO dur. Havalimanı Paradisi şehrinin 14 km güney batısındadır. Karayolu ağı şebekesi şehirden doğu ve batı sahilleri boyunca yayılır. Ada Rodos geyiğine anayurttur. Petalus yani Kelebekler Vadisinde yazın çok sayıda kelebek toplanır. Attaviros dağı 1.215 metre irtifasıyla adanın en yüksek noktasıdır. Sahiller taş gibi katı iken ada ekilebilr topraklara sahiptir. Burada turunçgiller, şaraplık üzüm, sebzeler, zeytin ağaçları ve diğer mahsüller yetiştirilir. Rodos''un dışında ada küçük köyler ve dinlenme sahilleri ile noktalanır. Bunların içinde Faliraki, Lindos, Arçangelos, Afandu, Koskinu, Embona, Paradisi ve Tiranta sayılabilir. Turizm, adanın birincil gelir kaynağıdır.<br></div><div><br></div>\r\n				', 'Ahmet Yılmaz', '2015-04-23', '2015-05-01');
INSERT INTO `tbl_paylasimlar` VALUES (34, 8, 'Asya', '<div>Asya, Avrupa''nın doğusunda, Büyük Okyanus''un batısında, Okyanusya''nın kuzeyinde ve Arktik Okyanus''un güneyinde bulunan kıta. Tarihçi Herodot tarafından bu grekçe terim ilk kez bugünkü Salihli Ovası, sonraları da Gediz Havzası''nı nitelemek için kullanılmıştır. Sardes''in zenginliklerini anlatırken bu kenti asya''nın başkenti olarak betimlemiştir. Zamanla asya terimi önce Anadolu yarımadası sonraları ise Çin''e ve Moğolistan''a kadar (Marko Polo''nun keşifleriyle) olan toprakların tamamı için kullanıldı.</div><div><br></div><div>Eski Dünya kara kütlesinin bir parçası olan Asya 44 391 163 km²''lik yüz ölçümü ile dünyanın en büyük kıtasıdır. Aynı zamanda 1 010 m''lik ortalama yükseltisiyle de dünyanın en yüksek kıtasıdır. Asya bu yükseltisini; dünyanın en yüksek zirvelerini bünyesinde barındıran Himalaya Dağları''na borçludur.</div><div><br></div><div>Asya, kuzey-güney doğrultusunda 8 490 km genişliğindedir. Kıtanın en kuzeyinde, Rusya''da Çelyuskin Burnu (77° 42'' 55" K paraleli) yer alırken, en güneyinde, Malakka Yarımadasındaki Buru Burnu (1° 14'' 17" K paraleli) bulunur. Adaları esas aldığımız takdirde, Severneya Zemlya adası (81° 16'' 23" K paraleli) ile Endonezya''ya bağlı Rudi Adaları (11° 00'' 19" G paraleli) arasında 10 245 km''dir.</div><div><br></div><div>Kıta doğu batı doğrultusunda; Türkiye''nin anakaraya bağlı en batı ucu olan Çanakkale''nin Ayvacık ilçesi (26° 24'' 17" D meridyeni) ile Çukçi Yarımadasında Dejnev Burnu (169° 40'' 17" D meridyeni) arasında 8 200 km''dir.</div><div><font size="4"><br></font></div><div><font size="4">Ülkeler</font></div><hr>Asya; 3.5 milyarı aşan nüfusu ile dünyanın en kalabalık kıtasıdır. Dünyanın en kalabalık ülkesi olan Çin (1 284 303 705 kişi, 2002 tahmini) bu kıtada yer almaktadır. Asya dinlerinin de doğduğu kıtadır. Semavi dinler arasında İslamiyet, Hıristiyanlık ve Musevilik dinlerinin her üçü de Ortadoğu''da ortaya çıkmıştır. Yine geniş kitlelere hitap eden Budizm ve Hinduizm de Asya menşeli dinlerdir. Asya aynı zamanda medeniyetler beşiğidir. Türk, Fars, Arap, Çin ve Hint medeniyetleri bu kıtada binlerce yıldır varlıklarını devam ettirmektedirler. Kıtada 100''ün üzerinde dil konuşulmaktadır. Kıtanın doğusunda sarı, güney kısmındaki adalarda siyah geri kalan kısımlarında ise beyaz ırktan insanlar yaşamaktadırlar.<div></div><div><br></div><div><ul><li><span style="line-height: 21px;">Türkmenistan</span></li><li><span style="line-height: 21px;">Kazakistan</span></li><li><span style="line-height: 21px;">Özbekistan</span></li><li><span style="line-height: 21px;">Kırgisistan</span></li><li><span style="line-height: 21px;">Tacikistan</span></li><li><span style="line-height: 21px;">İran</span></li><li><span style="line-height: 21px;">Afganistan</span></li><li><span style="line-height: 21px;">Pakistan</span></li><li><span style="line-height: 21px;">Nepal</span></li></ul></div>', 'Sarven Yanık', '2015-04-23', '2015-04-23');
INSERT INTO `tbl_paylasimlar` VALUES (35, 15, 'Gazneli Mahmut', '<p style="margin-top: 0.5em; margin-bottom: 0.5em; line-height: 22.3999996185303px; color: rgb(37, 37, 37); font-family: sans-serif;">Mahmut 14 Kasım Belh''te Buhara''da doğmuştur. Babası bir memlük komutanı olan&nbsp;<a href="http://tr.wikipedia.org/wiki/Seb%C3%BCk_Tegin" title="Sebük Tegin" style="color: rgb(11, 0, 128); background: none;">Sebük Tegin</a>, annesi ise&nbsp;<a href="http://tr.wikipedia.org/wiki/Zabulistan" title="Zabulistan" style="color: rgb(11, 0, 128); background: none;">Zabulistan</a>&nbsp;bölgesinde asil bir Fars hanedanına mensup bir prensesti.<sup id="cite_ref-1" class="reference" style="line-height: 1em; unicode-bidi: -webkit-isolate;"><a href="http://tr.wikipedia.org/wiki/Gazneli_Mahmut#cite_note-1" style="color: rgb(11, 0, 128); white-space: nowrap; background: none;">[1]</a></sup>&nbsp;Bu sebeple şairler, Mahmut''a zaman zaman "Mahmud-ı Zâbulî" olarak hitap etmişlerdir.<sup id="cite_ref-2" class="reference" style="line-height: 1em; unicode-bidi: -webkit-isolate;"><a href="http://tr.wikipedia.org/wiki/Gazneli_Mahmut#cite_note-2" style="color: rgb(11, 0, 128); white-space: nowrap; background: none;">[2]</a></sup>&nbsp;Daha gençlik yıllarında devlet idaresinde görev almaya başlayan Mahmut''un&nbsp;<a href="http://tr.wikipedia.org/wiki/Gazne" title="Gazne" class="mw-redirect" style="color: rgb(11, 0, 128); background: none;">Gazne</a>&nbsp;dışındaki ilk görev yeri<a href="http://tr.wikipedia.org/wiki/Zemindaver" title="Zemindaver" style="color: rgb(11, 0, 128); background: none;">Zemindaver</a>&nbsp;bölgesiydi. 994 yılında Samanoğulları&nbsp;<a href="http://tr.wikipedia.org/wiki/Horasan" title="Horasan" style="color: rgb(11, 0, 128); background: none;">Horasan</a>&nbsp;valisinin ayaklamnası üzerine&nbsp;<a href="http://tr.wikipedia.org/w/index.php?title=I.Nuh&amp;action=edit&amp;redlink=1" class="new" title="I.Nuh (sayfa mevcut değil)" style="color: rgb(165, 88, 88); background: none;">I.Nuh</a>''un Sübek Teginden askeri yardımda bulunması üzerine isyan bastırılmıştır. Samani hükümdarı tarafından Sübek Tegin''e&nbsp;<i>Nasıruddin Ved-dünya</i>&nbsp;(Din ve Dinyanın yardımcısı), kendisine ise&nbsp;<i>Seyfüddevle</i>&nbsp;(Devletin Kılıcı) unvanı verilmiştir.</p><p style="margin-top: 0.5em; margin-bottom: 0.5em; line-height: 22.3999996185303px; color: rgb(37, 37, 37); font-family: sans-serif;">Sebük Tegin''in 997 yılında ölmesi üzerine; ölmeden önce küçük oğlu&nbsp;<a href="http://tr.wikipedia.org/wiki/Gazneli_%C4%B0smail" title="Gazneli İsmail" style="color: rgb(11, 0, 128); background: none;">İsmail</a>''in tahta geçmesini vasiyet etmesinden dolayı İsmail, babasının ölüm haberini aldıktan sonra&nbsp;<a href="http://tr.wikipedia.org/wiki/Belh" title="Belh" style="color: rgb(11, 0, 128); background: none;">Belh</a>''e gelerek hükümdarlığını ilan etti. O sırada&nbsp;<a href="http://tr.wikipedia.org/wiki/Ni%C5%9Fabur" title="Nişabur" style="color: rgb(11, 0, 128); background: none;">Nişabur</a>&nbsp;valiliği yapmakta olan Mahmut, kardeşinin hükümdarlığına itiraz ederek toplamış olduğu askerleriyle birlikte&nbsp;<a href="http://tr.wikipedia.org/wiki/Gazne" title="Gazne" class="mw-redirect" style="color: rgb(11, 0, 128); background: none;">Gazne</a>''ye kardeşinin üzerine saldırıda bulunur. 998 yılında yapılan&nbsp;<a href="http://tr.wikipedia.org/wiki/Gazne_Muharebesi" title="Gazne Muharebesi" style="color: rgb(11, 0, 128); background: none;">Gazne Muharebesinde</a>&nbsp;İsmail yenilerek, bir kaleye sığınır ve belli bir süre sonra da ağabeyine teslim olur. Yaklaşık 7 aylık bir saltanattan sonra 998 yılında ağabeyi tarafından öldürülmüştür.</p><p style="margin-top: 0.5em; margin-bottom: 0.5em; line-height: 22.3999996185303px; color: rgb(37, 37, 37); font-family: sans-serif;">Gazneli Mahmut, tahta geçti 998 yılından 1030 yılına kadar 32 yıl hüküm sürmüştür. Bu süre içerisinde göstermiş olduğu azim ve faaliyetlerle,&nbsp;<a href="http://tr.wikipedia.org/wiki/Orta_Asya" title="Orta Asya" style="color: rgb(11, 0, 128); background: none;">Orta Asya</a>''nın büyük ve güçlü bir devletine hakim olmuştur. İlk seferini 1000 yılında&nbsp;<a href="http://tr.wikipedia.org/wiki/Sistan" title="Sistan" style="color: rgb(11, 0, 128); background: none;">Sistanda</a>&nbsp;hüküm süren&nbsp;<a href="http://tr.wikipedia.org/wiki/Sefer%C3%AEler" title="Seferîler" style="color: rgb(11, 0, 128); background: none;">Seferîler</a>üzerine düzenlemiştir. Ard arda yapmış olduğu akınlarla hazırlıksız olan Emir&nbsp;<a href="http://tr.wikipedia.org/w/index.php?title=Halef_ibn_Ahmed&amp;action=edit&amp;redlink=1" class="new" title="Halef ibn Ahmed (sayfa mevcut değil)" style="color: rgb(165, 88, 88); background: none;">Halef ibn Ahmed</a>''i yenilgiye uğratmış ve bölgeyi kolayca ele geçirmiştir. Güçlü Gazne ordusu karşısında hiçbir başarı elde edemeyen Halef, tazminat ödemek ve adına hutbe okutarak sikke bastırmak suretiyle Mahmut''un hakimiyetini tanımıştır. 999 yılında&nbsp;<a href="http://tr.wikipedia.org/wiki/Karahanl%C4%B1lar" title="Karahanlılar" style="color: rgb(11, 0, 128); background: none;">Karahanlıların</a>,&nbsp;<a href="http://tr.wikipedia.org/wiki/Saman%C3%AEler" title="Samanîler" style="color: rgb(11, 0, 128); background: none;">Samanî Devletini</a>&nbsp;yıkması üzerine bağımsızlığını ilan etmiştir. 1000 yılında&nbsp;<a href="http://tr.wikipedia.org/wiki/Abbasi" title="Abbasi" class="mw-redirect" style="color: rgb(11, 0, 128); background: none;">Abbasi</a>&nbsp;Halifesi&nbsp;<a href="http://tr.wikipedia.org/wiki/K%C3%A2dir_(Abbasi)" title="Kâdir (Abbasi)" style="color: rgb(11, 0, 128); background: none;">Ahmed "el-Kâdir bi’l-Lâh"</a>''a göndermiş olduğu elçilerle bağımsızlığını bildirdi.<a href="http://tr.wikipedia.org/wiki/Halife" title="Halife" class="mw-redirect" style="color: rgb(11, 0, 128); background: none;">Halife</a>&nbsp;de Mahmut''a sultanlığını tanıyan değerli bir&nbsp;<a href="http://tr.wikipedia.org/wiki/Kaftan" title="Kaftan" style="color: rgb(11, 0, 128); background: none;">hil''at</a>, taç ve bayrak ile ele geçirdiği ülkelerin hükümdarlığını tanıyan bir<a href="http://tr.wikipedia.org/wiki/Men%C5%9F%C3%BBr" title="Menşûr" style="color: rgb(11, 0, 128); background: none;">Menşûr</a>&nbsp;yollamıştır. Bu olaydan sonra Samanoğulları topraklarının mirasçısı olduğunu ileri sürerek&nbsp;<a href="http://tr.wikipedia.org/wiki/Karahanl%C4%B1lar" title="Karahanlılar" style="color: rgb(11, 0, 128); background: none;">Karahanlılar</a>&nbsp;üzerine sefere çıktı. Çok çekişmeli geçen çarpışmalar sonucunda Karahanlılar yenilgiye uğratıldı. İki devlet arasında yapılan anlaşmalardan sonra oğlu&nbsp;<a href="http://tr.wikipedia.org/wiki/Gazneli_I._Mesut" title="Gazneli I. Mesut" style="color: rgb(11, 0, 128); background: none;">I. Mesut</a>&nbsp;ile beraber, Karahanlı Kağanı''nın birer kızıyla evlenerek, baba-oğul Karahanlılara damat olmuşlardır.</p><p style="margin-top: 0.5em; margin-bottom: 0.5em; line-height: 22.3999996185303px; color: rgb(37, 37, 37); font-family: sans-serif;">Gazneli Mahmut, devletin kuzeyini güvence altına aldıktan sonra&nbsp;<a href="http://tr.wikipedia.org/wiki/Hindistan" title="Hindistan" style="color: rgb(11, 0, 128); background: none;">Hindistan</a>''a, Putperestlerle mücadele ederek Müslümanlığı yaymak için 1001-1027 yılları arasında 17 sefer düzenlemiştir.</p><h3 style="color: black; margin-top: 0.3em; margin-bottom: 0px; overflow: hidden; padding-top: 0.5em; padding-bottom: 0px; border-bottom-style: none; font-size: 1.17em; line-height: 1.6; font-family: sans-serif; background-image: none; background-attachment: initial; background-size: initial; background-origin: initial; background-clip: initial; background-position: initial; background-repeat: initial;"><span class="mw-headline" id="Hindistan_Seferi">Hindistan Seferi</span></h3><hr><ul style="line-height: 1.5em; margin-top: 0.3em; margin-bottom: 0.5em; margin-left: 1.6em; list-style-image: url(data:image/svg+xml,%3C%3Fxml%20version%3D%221.0%22%20encoding%3D%22UTF-8%22%3F%3E%0A%3Csvg%20xmlns%3D%22http%3A%2F%2Fwww.w3.org%2F2000%2Fsvg%22%20version%3D%221.1%22%20width%3D%225%22%20height%3D%2213%22%3E%0A%3Ccircle%20cx%3D%222.5%22%20cy%3D%229.5%22%20r%3D%222.5%22%20fill%3D%22%2300528c%22%2F%3E%0A%3C%2Fsvg%3E%0A); color: rgb(37, 37, 37); font-family: sans-serif;"><li style="margin-bottom: 0.1em;"><b>1. Hint Seferine</b>&nbsp;1001 yılında çıkan Gazneli Mahmut, Hindistan''ın kuzeyinde bulunan zengin ve bereketli topraklara sahip&nbsp;<a href="http://tr.wikipedia.org/w/index.php?title=K%C3%A2bil_%C5%9Eahnal%C4%B1%C4%9F%C4%B1&amp;action=edit&amp;redlink=1" class="new" title="Kâbil Şahnalığı (sayfa mevcut değil)" style="color: rgb(165, 88, 88); background: none;">Kâbil Şahnalığına</a>&nbsp;ilerledi.&nbsp;<a href="http://tr.wikipedia.org/wiki/Pe%C5%9Faver" title="Peşaver" style="color: rgb(11, 0, 128); background: none;">Peşaver</a>&nbsp;yakınlarında yapılan savaşta; 30.000&nbsp;<a href="http://tr.wikipedia.org/wiki/Piyade" title="Piyade" style="color: rgb(11, 0, 128); background: none;">Piyade</a>, 12.000&nbsp;<a href="http://tr.wikipedia.org/wiki/S%C3%BCvari" title="Süvari" style="color: rgb(11, 0, 128); background: none;">Süvari</a>&nbsp;ve 300&nbsp;<a href="http://tr.wikipedia.org/wiki/Sava%C5%9F_fili" title="Savaş fili" style="color: rgb(11, 0, 128); background: none;">Savaş filine</a>&nbsp;sahip Hint ordusunu yenerek&nbsp;<a href="http://tr.wikipedia.org/wiki/Pencap" title="Pencap" class="mw-disambig" style="color: rgb(11, 0, 128); background: none;">Pencap</a>&nbsp;bölgesinde hüküm süren Raca&nbsp;<a href="http://tr.wikipedia.org/w/index.php?title=Caypal&amp;action=edit&amp;redlink=1" class="new" title="Caypal (sayfa mevcut değil)" style="color: rgb(165, 88, 88); background: none;">Caypal</a>&nbsp;ve komutanlarını esir aldı. Burada eline çok ganimet geçen Mahmut, fidye olarak yüklü miktarda altın ve 50 fil verilmesi karşılında Caypal''ı serbest bıraktı. Esirlikten kurtulan Raca, kendine esirliği yediremediği ve halkının gözünden düştüğü için ateşte yakılmak suretiyle kendini öldürdü.</li></ul><ul style="line-height: 1.5em; margin-top: 0.3em; margin-bottom: 0.5em; margin-left: 1.6em; list-style-image: url(data:image/svg+xml,%3C%3Fxml%20version%3D%221.0%22%20encoding%3D%22UTF-8%22%3F%3E%0A%3Csvg%20xmlns%3D%22http%3A%2F%2Fwww.w3.org%2F2000%2Fsvg%22%20version%3D%221.1%22%20width%3D%225%22%20height%3D%2213%22%3E%0A%3Ccircle%20cx%3D%222.5%22%20cy%3D%229.5%22%20r%3D%222.5%22%20fill%3D%22%2300528c%22%2F%3E%0A%3C%2Fsvg%3E%0A); color: rgb(37, 37, 37); font-family: sans-serif;"><li style="margin-bottom: 0.1em;"><b>2. Hint Seferinde</b>&nbsp;Gazneli Mahmut, Caypal''in oğlu&nbsp;<a href="http://tr.wikipedia.org/w/index.php?title=Anandapal&amp;action=edit&amp;redlink=1" class="new" title="Anandapal (sayfa mevcut değil)" style="color: rgb(165, 88, 88); background: none;">Anandapal</a>''ı 15.000 süvariyle yenilgiye uğratarak&nbsp;<a href="http://tr.wikipedia.org/wiki/%C4%B0ndus_Nehri" title="İndus Nehri" style="color: rgb(11, 0, 128); background: none;">İndus Nehri</a>&nbsp;kenarında bulunan&nbsp;<i>Vayhand</i>&nbsp;şehrini zaptetti. Gazne''ye&nbsp;<i><a href="http://tr.wikipedia.org/wiki/Gazi" title="Gazi" class="mw-disambig" style="color: rgb(11, 0, 128); background: none;">Gazi</a></i>&nbsp;unvanı ve bol ganimetlerle geri döndü.</li></ul><ul style="line-height: 1.5em; margin-top: 0.3em; margin-bottom: 0.5em; margin-left: 1.6em; list-style-image: url(data:image/svg+xml,%3C%3Fxml%20version%3D%221.0%22%20encoding%3D%22UTF-8%22%3F%3E%0A%3Csvg%20xmlns%3D%22http%3A%2F%2Fwww.w3.org%2F2000%2Fsvg%22%20version%3D%221.1%22%20width%3D%225%22%20height%3D%2213%22%3E%0A%3Ccircle%20cx%3D%222.5%22%20cy%3D%229.5%22%20r%3D%222.5%22%20fill%3D%22%2300528c%22%2F%3E%0A%3C%2Fsvg%3E%0A); color: rgb(37, 37, 37); font-family: sans-serif;"><li style="margin-bottom: 0.1em;"><b>3. Hint Seferinde</b>&nbsp;2. seferde kendisine destekte bulunmayan Bhâtiya Racası Becî Rây''a karşı yapmıştır. 1004 yılında yapılan savaş 4 gün sürmüş ve alınan bu galibiyetle birlikte Bhâtiya bölgesi Gaznelilerin eline geçmiştir. Kuşatma sırasında ele geçirilmekten korkan Raca kalede kaçmış fakat Gazneli birlikler tarafından takip edilmiştir. Caypal gibi o da intihar ederek ölmüştür. Gazneli Mahmut ele geçirdiği bolca ganimet ve 280 fil ile birlikte 1005 yılında Gazne''ye geri dönmüştür.</li></ul><ul style="line-height: 1.5em; margin-top: 0.3em; margin-bottom: 0.5em; margin-left: 1.6em; list-style-image: url(data:image/svg+xml,%3C%3Fxml%20version%3D%221.0%22%20encoding%3D%22UTF-8%22%3F%3E%0A%3Csvg%20xmlns%3D%22http%3A%2F%2Fwww.w3.org%2F2000%2Fsvg%22%20version%3D%221.1%22%20width%3D%225%22%20height%3D%2213%22%3E%0A%3Ccircle%20cx%3D%222.5%22%20cy%3D%229.5%22%20r%3D%222.5%22%20fill%3D%22%2300528c%22%2F%3E%0A%3C%2Fsvg%3E%0A); color: rgb(37, 37, 37); font-family: sans-serif;"><li style="margin-bottom: 0.1em;"><b>4. Hint Seferinde</b>&nbsp;<a href="http://tr.wikipedia.org/wiki/Multan" title="Multan" style="color: rgb(11, 0, 128); background: none;">Multan</a>&nbsp;Emiri&nbsp;<a href="http://tr.wikipedia.org/w/index.php?title=Ebu%27l-Feth_D%C3%A2vud&amp;action=edit&amp;redlink=1" class="new" title="Ebu''l-Feth Dâvud (sayfa mevcut değil)" style="color: rgb(165, 88, 88); background: none;">Ebu''l-Feth Dâvud</a>''un&nbsp;<a href="http://tr.wikipedia.org/wiki/S%C3%BCnnilik" title="Sünnilik" style="color: rgb(11, 0, 128); background: none;">Sünnilikden</a>&nbsp;ayrılıp&nbsp;<a href="http://tr.wikipedia.org/wiki/B%C3%A2t%C4%B1n%C3%AElik" title="Bâtınîlik" class="mw-redirect" style="color: rgb(11, 0, 128); background: none;">Bâtınî</a>&nbsp;görüşleri yaymaya başladığı için 1006 yılında ordusuyla harekete geçen Mahmut, Multan üzerine hareket eder. Fakat Sind Nehrinin suları yüksek olduğu için Pencap Racası Anandapal''dan, Multan''a geçmek için yardımda bulunmasını istemiştir. Bu isteği reddedilen Gazneli Mahmut, Anandapal üzerine saldırarak onu yenmiş ve&nbsp;<a href="http://tr.wikipedia.org/wiki/Ke%C5%9Fmir" title="Keşmir" style="color: rgb(11, 0, 128); background: none;">Keşmir</a>''e çekilmesini sağlamıştır. Gaznelilerin üzerine geldiğini öğrenen Dâvud, yenilgiye uğramaktan korktuğu için kaçarak Sind nehri üzerinde bir adaya sığınmıştır. Bu seferle birlikte Multan''a kadar olan bölge Gaznelilerin eline geçmiş ve Hindistan''da bulunan Bâtınîler öldürülerek huzursuzluk ortadan kaldırılmıştır. Multan Emiri olarak Caypal''in Müslüman olmuş torunu Suphal seçilmiş ve göreve getirilmiştir.</li></ul><ul style="line-height: 1.5em; margin-top: 0.3em; margin-bottom: 0.5em; margin-left: 1.6em; list-style-image: url(data:image/svg+xml,%3C%3Fxml%20version%3D%221.0%22%20encoding%3D%22UTF-8%22%3F%3E%0A%3Csvg%20xmlns%3D%22http%3A%2F%2Fwww.w3.org%2F2000%2Fsvg%22%20version%3D%221.1%22%20width%3D%225%22%20height%3D%2213%22%3E%0A%3Ccircle%20cx%3D%222.5%22%20cy%3D%229.5%22%20r%3D%222.5%22%20fill%3D%22%2300528c%22%2F%3E%0A%3C%2Fsvg%3E%0A); color: rgb(37, 37, 37); font-family: sans-serif;"><li style="margin-bottom: 0.1em;"><b>5. Hint Seferinde</b>&nbsp;Multan Emiri Suphal''in, 1006-1007 yılları arasında Gazneliler ile Karahanlılar arasındaki mücadeleden faydalanarak ayaklanması üzerine yapılmıştır. Suphal''in&nbsp;<a href="http://tr.wikipedia.org/wiki/M%C3%BCsl%C3%BCman" title="Müslüman" style="color: rgb(11, 0, 128); background: none;">Müslümanlığı</a>&nbsp;bırakarak tekrar Hindu dinine döndüğünü ve isyan çıkardığını öğrenen Gazneli Mahmut,&nbsp;<a href="http://tr.wikipedia.org/wiki/Karahanl%C4%B1lar" title="Karahanlılar" style="color: rgb(11, 0, 128); background: none;">Karahanlılara</a>&nbsp;karşı galibiyet elde etmesinin ardından 1008 yılında mevsimin kış olmasına rağmen ordusuyla birlikte Multan üzerine sefere çıktı. Suphal''ın isyanını kanlı biçimde bastıran Mahmut, Anandapal''ın yanına kaçmaya çalışan Suphal''ı esir almıştır. Suphal 400.000 dirhem gümüş fidye ödedikten sonra serbest bırakıldı.</li></ul><ul style="line-height: 1.5em; margin-top: 0.3em; margin-bottom: 0.5em; margin-left: 1.6em; list-style-image: url(data:image/svg+xml,%3C%3Fxml%20version%3D%221.0%22%20encoding%3D%22UTF-8%22%3F%3E%0A%3Csvg%20xmlns%3D%22http%3A%2F%2Fwww.w3.org%2F2000%2Fsvg%22%20version%3D%221.1%22%20width%3D%225%22%20height%3D%2213%22%3E%0A%3Ccircle%20cx%3D%222.5%22%20cy%3D%229.5%22%20r%3D%222.5%22%20fill%3D%22%2300528c%22%2F%3E%0A%3C%2Fsvg%3E%0A); color: rgb(37, 37, 37); font-family: sans-serif;"><li style="margin-bottom: 0.1em;"><b>6. Hint Seferinde</b>&nbsp;Pencap Racası Anandapal ile birleşmiş olan&nbsp;<i>Ucceyn</i>,&nbsp;<i>Gvalior</i>,&nbsp;<i>Kalincar</i>,&nbsp;<i>Kavenc</i>,&nbsp;<i>Delhi</i>&nbsp;ve&nbsp;<i>Keşmir</i>&nbsp;Racalarının İslam dinine karşı tavır sergilemeleri üzerine, oluşturulmuş olan birleşik&nbsp;<a href="http://tr.wikipedia.org/wiki/Hint" title="Hint" class="mw-redirect" style="color: rgb(11, 0, 128); background: none;">Hint</a>&nbsp;ordusunu yenerek itaat altına almak için 1008 yılında yapılmıştır. Sayıca Hint ordusundan az olmasına karşılık Gazneliler, Vayhand şehri yakınlarındaki ovaya çekilip mevzide bekleyerek yapmış olduğu vur-kaç taktikleriyle Hint ordusunu yıpratmışlardır. Yapılan meydan savaşında Gazneli Mahmut, bir ara güç duruma düşmüşse de savaş esnasında yapmış olduğu çevirme harekatıyla Hint ordusunu bozguna uğratmış ve birleşmiş olan Racaları birbirinden ayırmıştır. Bu zaferden sonra&nbsp;<i>Bhim Nagar</i>&nbsp;kalesini (şimdiki&nbsp;<a href="http://tr.wikipedia.org/w/index.php?title=Nagaur&amp;action=edit&amp;redlink=1" class="new" title="Nagaur (sayfa mevcut değil)" style="color: rgb(165, 88, 88); background: none;">Nagaur</a>) 7 günlük bir kuşatmadan sonra ele geçirmiş ve buradaki putları kırmıştır. Yüklü miktarda ganimetle Gazne''ye dönen Mahmut''un bu başarısına dayanamayan Anandapal, üzüntüsünden fazla yaşayamayarak ölmüştür. Bu başarı Gazneli Mahmut''un&nbsp;<a href="http://tr.wikipedia.org/wiki/%C4%B0slam" title="İslam" style="color: rgb(11, 0, 128); background: none;">İslam</a>&nbsp;ve&nbsp;<a href="http://tr.wikipedia.org/wiki/Hint" title="Hint" class="mw-redirect" style="color: rgb(11, 0, 128); background: none;">Hint</a>&nbsp;dünyasındaki prestij ve şanını çok yükseltmiştir.</li></ul><ul style="line-height: 1.5em; margin-top: 0.3em; margin-bottom: 0.5em; margin-left: 1.6em; list-style-image: url(data:image/svg+xml,%3C%3Fxml%20version%3D%221.0%22%20encoding%3D%22UTF-8%22%3F%3E%0A%3Csvg%20xmlns%3D%22http%3A%2F%2Fwww.w3.org%2F2000%2Fsvg%22%20version%3D%221.1%22%20width%3D%225%22%20height%3D%2213%22%3E%0A%3Ccircle%20cx%3D%222.5%22%20cy%3D%229.5%22%20r%3D%222.5%22%20fill%3D%22%2300528c%22%2F%3E%0A%3C%2Fsvg%3E%0A); color: rgb(37, 37, 37); font-family: sans-serif;"><li style="margin-bottom: 0.1em;"><b>7. Hint Seferinde</b>&nbsp;Gazneli Mahmut, büyük bir ticaret şehri olan&nbsp;<a href="http://tr.wikipedia.org/w/index.php?title=Narayanpur&amp;action=edit&amp;redlink=1" class="new" title="Narayanpur (sayfa mevcut değil)" style="color: rgb(165, 88, 88); background: none;">Narayanpur</a>''u itaat altına alabilmek için ordusuyla birlikte 1009 yılında Gazne''den ayrılmıştır. Buranın Racası Gazneli Mahmut''un ünü karşısında savaşmadan antlaşma yapmak zorunda kalmıştır. Haraç ödemek, ihtiyaç olduğunda 2.000 asker ve 50 savaş fili göndermek kaydıyla barış yapılmıştır.</li></ul>\r\n			', 'Ahmet Yılmaz', '2015-04-30', '2015-04-30');
INSERT INTO `tbl_paylasimlar` VALUES (37, 11, 'Doğa Bilimleri', 'Doğa ve doğa olayları ile ilgilenen bilimdir. Konusu doğal gerçekliktir (realite). İnsan düşüncesinden bağımsız olarak var olan her şey doğal gerçekliktir. Fizik başta olmak üzere, maddeyi inceleyen kimya, canlıyı inceleyen biyoloji, gök cisimlerini inceleyen astronomi ve yerbilim doğa bilimlerinin altdallarıdır.\r\n\r\nBilimde, doğa bilimler rasyonalist çalışma ya da yasaların doğal kurallarından oluşur. Terim, doğa bilim sosyal bilimler ile bilimsel metodun insan davranışları üzerine uygulanması, ve formal bilimler ile bilimsel metotlarla doğayı çalışan farklı metotları kullanmasıyla ayrılır.\r\n\r\n\r\nMichelson–Morley deneyi ışık geçiren bir eterin içinden ışığın yayılmayacağını kanıtlamak için düzenlenmişti. Bu 19. yüzyıl kavramının yerine daha sonra Albert Einstein''ın özel görelilik kuramı geçirildi.\r\nDoğa bilimleri olgusaldır. Doğada her an varolabilen olaylar zincirlerini, olguları inceler. Olgular arasındaki neden-sonuç ilişkisini inceleyerek doğanın yasalarına ulaşır. Olgusallık, deney ve gözlem yolu ile ulaşılan yasaları yine deney ve gözlem ile doğrulatmaktır. Ayrıca determinist olmalıdır.\r\n\r\nDoğa bilimleri tüme varım yöntemini kullanır. Tek tek olaylardan ve olgulardan hareket edilerek genel doğa yasalarına ulaşılır.\r\n\r\nDoğa bilimleri açıklayıcıdır. Amacı sadece anlamak değil, ayrıca açıklamaktır. Açıklama; bir olgu veya varlığı meydana getiren temel öğeleri, anlaşılır bir biçimde ortaya koymaktır. Doğa bilimleri anladığı her realiteyi tanım, yasa veya formül ile açıklamalıdır.', 'Ahmet Yılmaz', '2015-04-30', '2015-05-01');
INSERT INTO `tbl_paylasimlar` VALUES (38, 3, 'Araştırma görevlisi', '\r\n		\r\n		\r\n		 asistanlık yönetmeliğine göre seçilir. Başlangıçta asil olarak tayin edilmeyen asistanlar, bu tarihten bir yıl sonra asil kadroya geçerler. Gerekli görülenlerin adaylık süresi bir yıl daha uzatılabilir. Asistanlar, asaletlerinin onanmasından itibaren 4 yıl içinde uzmanlıklarını ve altı yıl içinde&nbsp;<a href="http://tr.wikipedia.org/wiki/Doktora" title="Doktora" style="color: rgb(11, 0, 128); font-family: sans-serif; line-height: 22.3999996185303px; background-image: none; background-attachment: initial; background-size: initial; background-origin: initial; background-clip: initial; background-position: initial; background-repeat: initial;">doktoralarını</a><span style="color: rgb(37, 37, 37); font-family: sans-serif; line-height: 22.3999996185303px;">&nbsp;vermek zorundadırlar. Bu süre içinde doktor veya uzman olamayan asistanların görevlerine devam edip etmemelerine, kürsü&nbsp;</span><a href="http://tr.wikipedia.org/wiki/Profes%C3%B6r" title="Profesör" style="color: rgb(11, 0, 128); font-family: sans-serif; line-height: 22.3999996185303px; background-image: none; background-attachment: initial; background-size: initial; background-origin: initial; background-clip: initial; background-position: initial; background-repeat: initial;">profesörünün</a><span style="color: rgb(37, 37, 37); font-family: sans-serif; line-height: 22.3999996185303px;">&nbsp;teklifi üzerine profesörler kurulu karar verir. Asistanların&nbsp;</span><font color="#0b0080" face="sans-serif"><span style="line-height: 22.3999996185303px; background-attachment: initial; background-size: initial; background-origin: initial; background-clip: initial; background-position: initial; background-repeat: initial;">üniversite</span></font><span style="color: rgb(37, 37, 37); font-family: sans-serif; line-height: 22.3999996185303px;">&nbsp;dışında herhangi bir işte çalışmaları yasaktır. Kendilerine belirli miktarda üniversite tazminatı ödenir. Asistanlar, yanlarında çalıştıkları profesör veya</span><font color="#0b0080" face="sans-serif"><span style="line-height: 22.3999996185303px; background-attachment: initial; background-size: initial; background-origin: initial; background-clip: initial; background-position: initial; background-repeat: initial;">doçentlerin</span></font><span style="color: rgb(37, 37, 37); font-family: sans-serif; line-height: 22.3999996185303px;">&nbsp;gerekli göreceği öğretim ve uygulamalarda hazır bulunmak, kendilerine konularıyla ilgili olarak verilecek işleri zamanında ve düzenli olarak yapmak, öğrencilerin çalışma ve uygulamalarına yardım etmek işleriyle görevlidirler. :D :Dlll</span>	', 'Ahmet Yılmaz', '2015-04-30', '2015-05-01');
INSERT INTO `tbl_paylasimlar` VALUES (39, 17, 'Türkiye', '\r\n		<div>Türkiye veya resmî adıyla Türkiye Cumhuriyeti, Asya ve Avrupa kıtalarının her ikisinde de toprağı bulunan bir parlamenter cumhuriyet ülkesi. Topraklarının büyük bölümü Anadolu''ya, küçük bir bölümü ise Balkanların uzantısı olan Trakya''ya yayılmıştır. Kuzeybatıda Bulgaristan, batıda Yunanistan, kuzeydoğuda Gürcistan, doğuda Ermenistan, İran ve Azerbaycan''a bağlı Nahçıvan, güneydoğuda ise Irak ve Suriye komşusudur. Güneyini Akdeniz, batısını Ege Denizi ve kuzeyini Karadeniz çevreler. Marmara Denizi ise İstanbul Boğazı ve Çanakkale Boğazı ile birlikte Anadolu''yu Trakya''dan yani Asya''yı Avrupa''dan ayırır. Türkiye, Avrupa ve Asya''nın kavşak noktasında yer alması sayesinde önemli bir jeostratejik güce sahiptir.</div><div><br></div><div>Türkiye toprakları üzerindeki ilk yerleşmeler Aiol ve İyonya Yunanları, Traklar ve Persler gibi çeşitli Eski Anadolu milletleri tarafından Yontma Taş Devri''nde başlatıldı. Ardından III. Aleksandros egemenliğiyle birlikte Helenistik dönem geldi, İskender''den sonra sırasıyla Roma ve Bizans dönemleri yaşandı. 11. yüzyılda Selçukluların göçleri sonucunda topraklar üzerinde Türkleştirme hareketi başladı ve 1071 Malazgirt Muharebesi sonrasında gelen Selçuklu zaferiyle Anadolu''daki Bizans üstünlüğü büyük ölçüde kırıldı. Anadolu Selçukluları, Anadolu''yu 1243''teki Moğol istilasına kadar yönetti. İstila sonrasında pek çok küçük Türk beyliği ortaya çıktı.</div><div><br></div><div>13. yüzyılın sonlarından itibaren Osmanlı İmparatorluğu, Anadolu''nun yanı sıra Güneydoğu Avrupa, Batı Asya ve Kuzey Afrika üzerinde toprakları bulunan büyük bir imparatorluk kurarak erken modern dönemde Avrasya ve Afrika''nın büyük bir gücü oldu. İmparatorluk zirvesini 15. ve 17. yüzyıllar arasında, özelikle I. Süleyman döneminde yaşadı. 1683 II. Viyana Kuşatması ve 1699 Kutsal İttifak Savaşları sonrasında Türklerin Avrupa topraklarından çekilişi başladı ve Osmanlı İmparatorluğu uzun bir gerileme dönemi yaşadı. Ülkenin birçok alandaki yetersizliğini kanıtlayan 19. yüzyıldaki Tanzimat ıslahatları, modernleşmeyi sağlayamadı ve dağılmayı engelleyemedi. Osmanlı, I. Dünya Savaşı''na (1914-18) İttifak Devletleri''nin yanında girdi ve savaşta yenik düşerek yıkıldı. İşgalci kuvvetlere karşı yapılan Kurtuluş Savaşı (1919-22) başarıya ulaştıktan sonra Mustafa Kemal Atatürk tarafından 1923''te Türkiye Cumhuriyeti kuruldu.</div><div><br></div><div><b>Etimoloji</b></div><div><hr>İlk Türk-Kağanlığı 552-744 yılları arasında Orta Asya ve Çin bölgelerinde Göktürk Kağanlığı adıyla kurulmaktadır. "Türk" adı bugün kullandığımız şekli ile ilk kez Göktürkler dönemine ait Orhun Yazıtları''nda geçmektedir. Çinliler o dönemde Türklerin adını Tūjué olarak kullanırlar. Tarihçi İlber Ortaylı bir makalesinde Ceneviz ve Venedikli tüccar ve diplomatların, 12. yüzyılda, Türkiye''yi Turchia ve Turkmenia olarak tanımladıklarını belirtir. Ayrıca, Türkiye adı ilk defa 1190''da bir yazılı kaynakta, Haçlı Seferi vak''ayinamesinde geçmektedir. Abdulhaluk Çay ise Turchia tanımını çok daha gerilere götürür ve Turchia tabirine ilk defa 6. yüzyılda Bizans kaynaklarında rastlandığını belirtir ve şöyle der "Bu tabir 9. ve 10. yüzyıllarda İdil/Volga Nehri''nden Orta Avrupa''ya kadar uzanan saha için kullanılmıştır."[kaynak belirtilmeli] Bu kullanımın Kafkasya bölgesinde Hazar Kağanlığı için Doğu Türkiye’si, Arpad Hanedanı''nın kurduğu Macar Devleti için Batı Türkiyesi şeklinde olduğunu ve aynı tabirin 12. yüzyıldan itibaren Anadolu için kullanıldığını belirtir. Tarihte 13-14. yüzyıllarda Mısır Memlûkleri de Türkiye adını kullanmışlardı: "ed-devlet üt Türkiya" (1250-1387). Osmanlı Devleti''nde, 19. yüzyıla kadar Türkiye adı kullanılmadı; Devlet-i Âliyye, Devlet-i Osmaniye, Memalik-i Şahane, Diyar-ı Rum adları kullanıldı. Fakat dış dünyanın zaman zaman Osmanlı İmparatorluğu yerine Türkiye adını kullandığı bilinmektedir. O dönemde yabancı dillerle çizilmiş haritalara bakıldığında bu durum açıkça ortadadır. Daha sonra, Jön Türkler arasında Osmaniye yerine Türkistan, Türkeli, Türkili gibi adlar önerildiyse de, Orta Asya''da Türkistan adlı bir bölge olduğundan bu benimsenmedi. Anayasada (1921) "Türkiye" adı yazıldı ve 1923''te cumhuriyetin ilanı ile devletin resmi adı Türkiye Cumhuriyeti olarak kesinleşti.</div><div><b><br></b></div><div><b>Tarihçe</b></div><div><hr><b>Tarih Öncesi Doğu Anadolu Ve Trakya</b></div><div><div>Günümüzde Türkiye sınırları içinde kalan Anadolu Yarımadası, dünyanın en eski yerleşim bölgelerinden biridir. Çeşitli Eski Anadolu milletleri bölgede, Cilalı Taş Devri''nin başlangıcına ve Büyük İskender''in fethine kadar varlığını sürdürdü. Bu halkların çoğu Hint-Avrupa dil ailesinin bir kolu olarak kabul edilen Anadolu dillerini konuştu. Bazı bilim insanları Hint-Avrupa dillerinin, yine eski Anadolu dillerinden olan Hitit dili ve Luvi dilinden yayıldığını öne sürdü. Ayrıca Türkiye''nin Avrupa kıtasında kalan bölümünü oluşturan Doğu Trakya ise kırk bin yıl öncesine dayanan bir yerleşim tarihine sahiptir ve bölgenin sakinleri tarıma başlayarak milattan 6000 yıl önce Cilalı Taş Devri''ne geçmiştir.</div><div><br></div><div>Geçmişi MÖ 10.000 tarihine kadar uzanan Göbekli Tepe, ülke toprakları üzerindeki bilinen en eski dini yapının bulunduğu yerdir. Geçmişinin MÖ 7500''e veya MÖ 5700''e dayandığı sanılan Orta Anadolu''daki Çatalhöyük, Cilalı Taş Devri ile Bakır Çağı''na ait çok büyük bir yerleşim yeridir ve en iyi korunmuş Cilalı Daş Devri kenti ilan edilerek Temmuz 2012''de UNESCO Dünya Mirasları Listesi''ne dahil edilmiştir. Troya antik kentinde ise Cilalı Taş Devri''nde başlayan yerleşmeler, Demir Çağı''na kadar devam etmiştir.</div><div>Anadolu''nun bilinen ilk sakinleri, Hatti ve Hurri toplumlarıdır. Hint-Avrupa milletlerinden olmayan bu iki toplum, yaklaşık olarak MÖ 2300''lü yıllarda Orta ve Doğu Anadolu''da yaşadı. Hatti ve Hurriler, Hint-Avrupa milletlerinden Hititler''in MÖ 2000-1700 yıllarında Anadolu''ya gelmesiyle yerini Hititler''e bıraktı. Hititler, bölgedeki ilk büyük krallığı MÖ 13. yüzyılda kurdular. Asurlular, MÖ 1950''den MÖ 612''ye kadar günümüz Türkiye''sinin güneydoğu topraklarını fethetti ve yerleşti. Urartular''ın MÖ. 9. yüzyılda Asurlular''ın kuzeyindeki güçlü rakibi olduğu ise Asur kitabeleri aracılığıyla öğrenildi.</div><div><br></div><div>Hitit İmparatorluğu''nun MÖ yaklaşık 1180''li yıllarda çöküşünün ardından Hint-Avrupa milletlerinden Friglerin kurdukları Frigya, MÖ 7. yüzyılda Kimmerler tarafından yapılan saldırılara kadar Anadolu''da üstünlük elde etti. Aynı kaderi MÖ 714 ile MÖ 590 yılları arasında Urartular da yaşayarak parçalandı. Frigya''dan sonra Lidya, Karya ve Likya devletleri bölgede güç yakalayarak söz sahibi oldu.</div></div><div><br></div><div><b>Antik Çağ Ve Bizans Dönemi</b></div><div><div>Anadolu''nun sahil şeridinde MÖ 1200 yıllarında büyük ölçüde Aiol, İyon ve Yunan yerleşimleri başladı. Bu yerleşimciler tarafından Milet, Efes, Smyrna ve Byzantium gibi çok sayıda önemli şehir kuruldu. Son olarak Yunan koloniciler tarafından MÖ 657''de Megara kenti ortaya çıkarıldı. Yine bu dönemlerde, MÖ 6. yüzyılda, Türkiye''nin şu anki doğu toprakları üzerinde Trakya kökenli Ermeni Orontid Hanedanı tarafından bir devlet kuruldu.</div><div><br></div><div>Anadolu, MÖ 6. ve 5. yüzyıllarda Pers Ahameniş İmparatorluğu''nun egemenliğine girdi ve bu egemenlik MÖ 334 yılındaki Büyük İskender''in fethine kadar devam etti. İskender döneminde kültürel kaynaşma ve Helenleştirme hareketi başlatıldı. MÖ 323''te İskender''in ölümünün ardından Anadolu bölünerek küçük Helenistik krallıklar ortaya çıktı. Tüm bu krallıklar, MÖ 1. yüzyıl ortalarında Roma Cumhuriyeti''nin bir parçası haline geldi. Büyük İskender''in fetihleriyle başlattığı Helenleşme hareketi ise Roma döneminde hızlandırıldı, bu nedenle daha önceki yüzyıllarda var olan Anadolu dilleri ve kültürlerinin nesli tükenerek yerini Yunan dil ve kültürüne bıraktı.</div><div><br></div><div>324 yılında Roma İmparatoru I. Konstantin, imparatorluğun başkentini Byzantium''a taşıdı ve şehrin adını Nova Roma olarak değiştirdi. I. Theodosius''un iki erkek çocuğu, babalarının 395''te ölmesinin ardından Roma İmparatorluğu''nu ikiye bölerek paylaştı. Halk arasında Konstantinopolis olarak yaygınlaşan başkent, Doğu Roma İmparatorluğu''nun da başkenti oldu. Doğu Roma İmparatorluğu daha sonraki yıllarda Bizans İmparatorluğu olarak anılmaya başladı ve günümüz Türkiye topraklarının önemli bir kısmında Orta Çağ sonuna kadar varlığını sürdürdü.</div></div><div><br></div><div><b>Selçuklular Ve Osmanlı İmparatorluğu</b></div><div><div>Selçuklu hanedanının Kınık boyundan olan Oğuz Türkleri, Müslüman olduktan sonra İslam dünyası çevrelerine daha yakın yerlerde ikamet ettiler, 9. yüzyılda Hazar Denizi ve Aral Gölü''nün kuzeyine yerleşmeye başladılar. 10. yüzyılda Selçuklular, Pers yurdunu da sınırları içine katarak atalarının vatanı Orta Asya''dan batıya doğru göç etmeye başladılar ve Büyük Selçuklu Devleti''ni kurdular.</div><div><br></div><div>11. yüzyılın ikinci yarısında Selçuklular, Anadolu''nun doğu bölgelerine yerleşmeye ve akınlar yapmaya başladı. 1071''de Sultan Alp Arslan döneminde, Selçuklu Türkleri ve Bizans arasında yapılan Malazgirt Meydan Muharebesi''nden sonra gelen Selçuklu zaferiyle Anadolu toprakları üzerinde Türkleştirme hareketi başladı. Bu hareketle birlikte Anadolu''da Türk dilleri ve İslam tanıtılarak yaygın hâle geldi. Böylece bölgede yaygın olan Hristiyanlık ve Yunanca, yerini yavaş yavaş İslam dini ve Türk dillerine bıraktı.</div><div><br></div><div>1243''te Kösedağ Muharebesi sonrasında Anadolu Selçuklu Devleti orduları Moğol ordularına yenilince devlet parçalandı. Yerine ise küçük Türk beylikleri ortaya çıktı. Bu beyliklerden biri olan Osman Gazi''nin beyliği, sonraki iki yüz yıl içinde büyüyerek Anadolu, Balkanlar, Kuzey Afrika ve Levant''ı hâkimiyeti altına alan Osmanlı İmparatorluğu hâline geldi. 1453 yılında, Padişah Fatih Sultan Mehmet dönemi yaşanırken Bizans İmparatorluğu''nun başkenti Konstantinopolis ele geçirildi ve imparatorluk tarihe karıştı.</div></div><div><div>1514 yılında I. Selim (1512–1520), Çaldıran Muharebesi''nde Safevî hükümdarı Şah İsmail''i yenerek imparatorluğun sınırlarını doğu yönünde genişletti. 1517''de Levant, Mısır ve Cezayir''i ele geçirdi. Ayrıca Kızıldeniz''e ulaşmış oldu ve Memlûk Sultanlığı''nı yıkarak halifeliğin Osmanlı Hanedanı''na geçmesini sağladı. Ardından Kızıldeniz, Umman Denizi ve Basra Körfezi üzerinde Osmanlı ve Portekiz imparatorlukları arasında Hint Okyanusu''nda üstünlüğü ele geçirmek için çeşitli deniz muharebeleri yapıldı. Portekizlilerin Hindistan üzerinde egemenlik sağlaması Osmanlı tarafından bir tehdit olarak algılandı; çünkü 15. yüzyıl sonlarındaki Coğrafi Keşifler sayesinde Ümit Burnu ve Amerika''nın keşfedilmesi, Osmanlı''nın elinde tuttuğu Doğu Asya ile Batı Avrupa arasında ticareti sağlayan eski ticaret yollarının önemini yitirmesine neden olup Osmanlı ekonomisini olumsuz yönde etkilemişti.[40]</div><div><br></div><div>Osmanlı 16. ve 17. yüzyılda, özellikle Kanuni Sultan Süleyman (1520-1566) döneminde tarihinin zirvesine ulaştı. Bu dönemde batıda Kutsal Roma Cermen İmparatorluğu''na doğru topraklar genişletilerek Balkanlar''ın tamamı, Orta Avrupa ve Lehistan''ın güney kısmı ele geçirildi. Osmanlı Donanması, denizde çeşitli rekabetlere girerek başarılar kazandı. 1538''de yapılan Preveze Deniz Muharebesi''nde Barbaros Hayreddin Paşa''nın Haçlılar''ı mağlup etmesinden sonra imparatorluğun Akdeniz''deki kontrolü arttı. Doğuda ise Safevî Devleti ile mezhep farklılıklarından ve toprak anlaşmazlıklarından kaynaklanan bazı çatışmalar zaman zaman savaşa dönüşerek 16. ve 18. yüzyıl arasında devam etti.</div><div><br></div><div>Osmanlı İmparatorluğu, Batı Avrupa''da gerçekleşen Rönesans, Bilimsel Devrim, Aydınlanma Çağı ve Sanayi Devrimi gibi yeni gelişmeleri ülkesine getiremeyerek çağın gerisinde kaldı. Kutsal İttifak Savaşları''nın bitmesiyle 1699''da imzalanan Karlofça Antlaşması sonrasında Osmanlı İmparatorluğu yavaşça gerilemeye başladı. Yapılan pek çok ıslahat ve 19. yüzyılda ilan edilen Tanzimat Fermanı ülkenin modernleşmesini amaçladı, ancak başarılı olamadı. Bunun yanı sıra ülkede toprak bütünlüğünü korumak için geliştirilen, farklı dinî ve etnik kökenlere sahip kişilerin bir arada yaşaması fikrini içeren Osmanlıcılık akımı da başarıya ulaşamayarak dağılmanın önüne geçemedi. 1854''te Kırım Savaşı sırasında Osmanlı İmparatorluğu ilk kez dış borçlanmaya gitti, ancak alınan borçlar ödenemedi. Sonraki yirmi yıl içinde yüksek seviyelere ulaşarak ekonominin iflasın eşiğine gelmesine sebep oldu ve Osmanlı hükûmetini zor durumda bıraktı. Bunu 1875-78 Doğu Krizi ve 1877-78 Osmanlı-Rus Savaşı gibi felaketler izledi. Sonuç olarak Osmanlı ekonomisi borçlarını ödeyemeyerek harap duruma gelince alacaklı ülkeler tarafından 1881''de, borçların tahsilatını sağlayacak Düyun-u Umumiye kuruldu. Böylece Osmanlı devletinin gelirlerinin kontrolü alacaklı ülkelerin eline geçti. 20. yüzyıl başlarında Osmanlı İmparatorluğu, Avrupalı güçlerle karşılaştırıldığında sanayileşememiş gelişmemiş bir ülke konumuna geldi.</div><div><br></div><div>Osmanlı İmparatorluğu''nun topraklarının sınırları, askeri gücü ve zenginlik düzeyi giderek azalınca Balkanlar''da yaşayan Müslümanlar gördükleri eziyetler sebebiyle Anadolu''ya göç etmeye başladı. Aynı şekilde Rusların Kafkasya topraklarını ele geçirmesi sonucunda buradaki Müslümanlar da Anadolu''ya geldi. İmparatorluğun yine son zamanlarında milliyetçilik isyanlarının çıkmasıyla milletler arasında çeşitli etnik gerginlikler yaşandı, bu etnik gerginlikler Ermeni Sorunu gibi çeşitli sorunları ortaya çıkardı. Sultan II. Abdülhamid''in aşırı otoriter yönetimine bir tepki olarak gelişen Jön Türk hareketinin 1908''de yaptığı devrimle II. Meşrutiyet ilan edildi. Ardından 5 Ekim 1908''de Bulgaristan''ın resmen bağımsız olması ve 6 Ekim 1908''de Avusturya-Macaristan''ın Bosna''yı tek taraflı ilhakı ülkedeki kaos ortamını büyüttü. Bu olayları, pek çok canın ve toprağın kaybına sebep olan Trablusgarp Savaşı (1911-12) ile Balkan Savaşları (1912-13) izledi. 23 Ocak 1913''te, I. Balkan Savaşı sırasında gerçekleşen Bâb-ı Âli Baskını, diktatör Üç Paşalar''ı başa getirdi ve yönetimi ele geçirmelerine yol açtı.</div><div><br></div><div>Osmanlı İmparatorluğu, I. Dünya Savaşı''na İttifak Devletleri''nin yanında girdi ve savaştan yenik çıktı. Savaş sırasında Ermenilerle yaşanan etnik gerginliklerin tırmanması üzerine çıkarılan Tehcir Kanunu''yla Ermeniler, Doğu Anadolu Bölgesi''nden Suriye''ye devlet eliyle göç ettirildi. Göçlerde farklı kaynaklara göre 300.000 ile 1.500.000 arasında Ermeni hayatını kaybetti. Bu ölümler, çeşitli kaynaklar tarafından Ermeni Soykırımı olarak tanımlandı. Türk tarafı ise olayların soykırım olmadığını ifade ederek Ermenilerin yalnızca yerlerinin değiştirildiğini belirtti. Ermenilerin yanı sıra imparatorlukta savaş devam ederken Rum ve Süryanilerin de öldürüldüğü iddia edildi. Savaşın ardından imparatorluğa bağlı milletler ayrılarak çeşitli yeni devletler kurdular. 30 Ekim 1918''de Osmanlı İmparatorluğu, İtilaf Devletleri ile Mondros Ateşkes Anlaşması''nı imzaladı. 10 Ağustos 1920''de imzalanan Sevr Antlaşması ise Osmanlı topraklarını İtilaf Devletleri arasında paylaştırdı ancak yürürlüğe giremedi.</div></div><div><br></div><div><b>Türkiye Cumhuriyeti</b></div><div><div>I. Dünya Savaşı bitiminde imzalanan Mondros''tan sonra İtilaf Devletleri tarafından İstanbul, İzmir ve diğer Osmanlı topraklarının işgali, Türk Ulusal Hareketi''ni ortaya çıkardı. Çanakkale Savaşı''nın öne çıkan isimlerinden biri olan Mustafa Kemal Paşa''nın, 19 Mayıs 1919''da Samsun''a çıkışı ile Sevr Antlaşması''nın getirdiği şartları iptal edip Misak-ı Millî sınırları içinde kalan ülke topraklarının bütünlüğünü korumayı amaçlayan Türk Kurtuluş Savaşı başlatıldı.</div><div><br></div><div>18 Eylül 1922 itibarıyla ülkedeki tüm düşman kuvvetleri kovuldu ve Nisan 1920''den beri kendisini ülkenin meşru hükûmeti ilan eden Ankara merkezli Türk rejimi, eski Osmanlı''dan gelen sistemi yasallaştırarak yeni cumhuriyetçi siyasi sisteme geçmeye başladı. 1 Kasım''da Türkiye Büyük Millet Meclisi, saltanatı kaldırdı ve 623 yıllık monarşik Osmanlı resmen tarih sahnesinden silindi. 24 Temmuz 1923''te imzalanan Lozan Antlaşması, Osmanlı İmparatorluğu''nun devamı niteliğindeki yeni Türkiye Cumhuriyeti''nin uluslararası alanda tanınmasını sağladı ve 29 Ekim 1923''te yeni başkent Ankara''da resmen cumhuriyet ilan edildi.[64][65] Lozan sonrasında antlaşma maddeleri gereğince yapılan Türkiye-Yunanistan nüfus mübadelesi kapsamında Türkiye''deki 1.1 milyon Rum ile Yunanistan''daki 380.000 Türk yer değiştirdi.</div><div><br></div><div>Türkiye Cumhuriyeti''nin kurucusu ve ilk cumhurbaşkanı olan Mustafa Kemal, eski Osmanlı-Türk devletini yeni bir laik cumhuriyete dönüştürme amacı içeren birçok devrim yaptı. Türkiye Büyük Millet Meclisi, 1934 yılında çıkan Soyadı Kanunu ile kendisine "Atatürk" soyadını verdi.</div><div><br></div><div>II. Dünya Savaşı''nda Türkiye, uzun süre tarafsızlığını korudu ancak savaşın son aylarında, 23 Şubat 1945''te Müttefik Devletler''in yanında yer aldı. 26 Haziran 1945''te ise Birleşmiş Milletler''in kurucu üyelerinden biri oldu.[69] II. Dünya Savaşı''ndan sonra Yunanistan''da çıkan komünist isyanının bastırılmasında karşılaşılan zorluklar ve Sovyetler Birliği''nin Türk Boğazları''nda askeri üs talep etmesi, Amerika Birleşik Devletleri''nin 1947''de Truman Doktrini''ni ilanıyla sonuçlandı. Doktrin, Türkiye ve Yunanistan güvenliğini sağlamayı amaçlayarak askeri ve ekonomik destek sağladı. Her iki ülke de 1948 yılında Avrupa ekonomisinin yeniden inşası için Marshall Planı ve OEEC''ye dahil edildi, daha sonra 1961 yılında OECD''nin kurucu üyesi haline geldi.</div><div><br></div><div>Kore Savaşı''na Birleşmiş Milletler kuvvetleri ile birlikte katılan Türkiye, 1952 yılında NATO''ya katıldı ve Sovyet yayılmacılığına karşı Akdeniz''deki bir siper durumuna geldi. 15 Temmuz 1974''te Kıbrıs''ta gerçekleşen darbe, EOKA-B''nin faaliyetleri, Enosis (adayı Yunanistan ile birleştirme) planları ve yaşanan toplumlar arası çatışmanın tırmanması sonucunda Türkiye, 20 Temmuz 1974''te adaya asker çıkardı. Dokuz yıl sonra Kuzey Kıbrıs Türk Cumhuriyeti kurularak ada ikiye bölündü ancak ülke yalnızca Türkiye tarafından tanındı.</div><div><br></div><div>Türkiye Cumhuriyeti''nin tek partili dönemi, 1946''da son buldu. Ardından gelen çok partili demokrasi dönemi 1960, 1971, 1980 ve 1997 yıllarındaki askerî müdahalelerle kesintiye uğradı. 1984''ten itibaren ayrılıkçı bir Kürt örgütü olan PKK, Türk hükûmetine karşı ayaklanma ve saldırı kampanyalarına başladı, örgütün faaliyetleri sonucunda 40.000''den fazla insan hayatını kaybetti. Günümüzde Türk tarafı, örgütle çözüm süreci görüşmelerini başlattı. 1980''li yıllarda Türk ekonomisinin liberalleştirilmesinden bu yana ülke güçlü bir ekonomik büyüme ve siyasi istikrar yakaladı. 2013''te Gezi Parkı''ndaki düzenlemeler nedeniyle başlayan protestolar, daha sonra hükûmet karşıtı protestolara dönüşerek birçok ilde patlak verdi ancak hükûmet tarafından bastırıldı.</div></div>\r\n				', 'Hasan Aydoğan', '2015-05-01', '2015-05-01');

-- --------------------------------------------------------

-- 
-- Tablo yapısı: `tbl_uyeler`
-- 

CREATE TABLE `tbl_uyeler` (
  `Id` int(11) NOT NULL AUTO_INCREMENT,
  `Adi` varchar(50) NOT NULL,
  `Soyadi` varchar(50) NOT NULL,
  `Sifre` varchar(10) NOT NULL,
  `YasadigiYer` varchar(70) NOT NULL,
  `DogumTarihi` date NOT NULL,
  `Email` varchar(40) NOT NULL,
  `Cinsiyet` varchar(6) NOT NULL,
  PRIMARY KEY (`Id`)
) ENGINE=MyISAM  DEFAULT CHARSET=utf32 AUTO_INCREMENT=4 ;

-- 
-- Tablo döküm verisi `tbl_uyeler`
-- 

INSERT INTO `tbl_uyeler` VALUES (1, 'Sarven', 'Yanık', 'sarv123', 'İstanbul/Türkiye', '1994-09-21', 'sarveny94@gmail.com', 'erkek');
INSERT INTO `tbl_uyeler` VALUES (2, 'Ahmet', 'Yılmaz', 'ahmt123', 'İstanbul/Türkiye', '1995-05-12', 'yilmazahmet@gmail.com', 'erkek');
INSERT INTO `tbl_uyeler` VALUES (3, 'Hasan', 'Aydoğan', 'hasn123', 'Ankara/Türkiye', '1985-05-12', 'aydoğanhsn@gmail.com', 'erkek');

-- --------------------------------------------------------

-- 
-- Tablo yapısı: `tbl_yorumcevaplari`
-- 

CREATE TABLE `tbl_yorumcevaplari` (
  `Id` int(11) NOT NULL AUTO_INCREMENT,
  `YorumId` int(11) NOT NULL,
  `YorumIcerik` varchar(50) NOT NULL,
  `YorumYapan` varchar(50) NOT NULL,
  `YorumTarihi` datetime NOT NULL,
  PRIMARY KEY (`Id`),
  KEY `YorumId` (`YorumId`)
) ENGINE=InnoDB  DEFAULT CHARSET=utf32 AUTO_INCREMENT=7 ;

-- 
-- Tablo döküm verisi `tbl_yorumcevaplari`
-- 

INSERT INTO `tbl_yorumcevaplari` VALUES (2, 1, 'lorem :)', 'Misafir kullanıcı', '2015-05-01 18:10:45');
INSERT INTO `tbl_yorumcevaplari` VALUES (3, 20, 'lorem2 :)', 'Misafir kullanıcı', '2015-05-01 18:13:24');
INSERT INTO `tbl_yorumcevaplari` VALUES (4, 32, 'denemecevap :)', 'Misafir kullanıcı', '2015-05-01 18:47:19');
INSERT INTO `tbl_yorumcevaplari` VALUES (5, 30, 'ahmet yılmaz :)', 'Misafir kullanıcı', '2015-05-01 18:48:11');
INSERT INTO `tbl_yorumcevaplari` VALUES (6, 1, 'lorem2 :)', 'Misafir kullanıcı', '2015-05-01 19:14:51');

-- --------------------------------------------------------

-- 
-- Tablo yapısı: `tbl_yorumlar`
-- 

CREATE TABLE `tbl_yorumlar` (
  `YorumId` int(11) NOT NULL AUTO_INCREMENT,
  `PaylasimId` int(11) NOT NULL,
  `YorumIcerik` varchar(50) NOT NULL,
  `YorumYapan` varchar(50) NOT NULL,
  `YorumTarihi` datetime NOT NULL,
  PRIMARY KEY (`YorumId`),
  KEY `PaylasimId` (`PaylasimId`)
) ENGINE=InnoDB  DEFAULT CHARSET=utf32 AUTO_INCREMENT=38 ;

-- 
-- Tablo döküm verisi `tbl_yorumlar`
-- 

INSERT INTO `tbl_yorumlar` VALUES (1, 34, 'lorem ipsum dolar sit amet.', 'Sarven Yanık', '2015-04-26 23:15:39');
INSERT INTO `tbl_yorumlar` VALUES (2, 31, 'lorem ipsum dolar sit amet.', 'Sarven Yanık', '2015-04-26 23:17:49');
INSERT INTO `tbl_yorumlar` VALUES (3, 33, 'lorem ipsum dolar sit amet.', 'Sarven Yanık', '2015-04-26 12:17:49');
INSERT INTO `tbl_yorumlar` VALUES (4, 8, 'lorem ipsum dolar sit amet.', 'Sarven Yanık', '2015-04-26 12:17:49');
INSERT INTO `tbl_yorumlar` VALUES (5, 5, 'lorem ipsum dolar sit amet.', 'Sarven Yanık', '2015-04-26 12:17:49');
INSERT INTO `tbl_yorumlar` VALUES (6, 12, 'lorem ipsum dolar sit amet.', 'Sarven Yanık', '2015-04-26 15:17:49');
INSERT INTO `tbl_yorumlar` VALUES (7, 19, 'lorem ipsum dolar sit amet.', 'Sarven Yanık', '2015-04-26 16:17:49');
INSERT INTO `tbl_yorumlar` VALUES (8, 20, 'lorem ipsum dolar sit amet.', 'Sarven Yanık', '2015-04-26 16:17:49');
INSERT INTO `tbl_yorumlar` VALUES (9, 31, 'lorem ipsum dolar sit amet.', 'Sarven Yanık', '2015-04-26 16:17:49');
INSERT INTO `tbl_yorumlar` VALUES (10, 26, 'lorem ipsum dolar sit amet.', 'Sarven Yanık', '2015-04-26 17:20:49');
INSERT INTO `tbl_yorumlar` VALUES (11, 11, 'lorem ipsum dolar sit amet.', 'Sarven Yanık', '2015-04-26 18:17:49');
INSERT INTO `tbl_yorumlar` VALUES (12, 13, 'lorem ipsum dolar sit amet.', 'Sarven Yanık', '2015-04-26 19:17:49');
INSERT INTO `tbl_yorumlar` VALUES (13, 2, 'lorem ipsum dolar sit amet.', 'Ahmet Yılmaz', '2015-04-26 19:17:49');
INSERT INTO `tbl_yorumlar` VALUES (14, 3, 'lorem ipsum dolar sit amet.', 'Ahmet Yılmaz', '2015-04-26 19:26:49');
INSERT INTO `tbl_yorumlar` VALUES (15, 33, 'lorem ipsum dolar sit amet.', 'Ahmet Yılmaz', '2015-04-25 20:17:49');
INSERT INTO `tbl_yorumlar` VALUES (16, 19, 'Merhaba Dünya :)', 'Ahmet Yılmaz', '2015-04-26 22:22:31');
INSERT INTO `tbl_yorumlar` VALUES (17, 33, 'deneme yazısı', 'Ahmet Yılmaz', '2015-04-26 23:28:53');
INSERT INTO `tbl_yorumlar` VALUES (18, 33, 'lorem ipsum dolar sit amet.lorem ipsum dolar sit a', 'Ahmet Yılmaz ', '2015-04-27 00:10:05');
INSERT INTO `tbl_yorumlar` VALUES (19, 34, 'asya ülkeleri :)', 'Sarven Yanık', '2015-04-27 18:32:14');
INSERT INTO `tbl_yorumlar` VALUES (20, 34, 'lorem ipsum dolar sit amet2 :)', 'Sarven Yanık', '2015-04-27 18:33:16');
INSERT INTO `tbl_yorumlar` VALUES (21, 4, 'lorem ipsum dolar sit amet.', 'Sarven Yanık', '2015-04-27 19:12:33');
INSERT INTO `tbl_yorumlar` VALUES (22, 4, 'lorem ipsum dolar sitt....', 'Sarven Yanık', '2015-04-27 19:31:39');
INSERT INTO `tbl_yorumlar` VALUES (23, 28, 'lorem ipsum dolar...', 'Sarven Yanık', '2015-04-27 19:35:42');
INSERT INTO `tbl_yorumlar` VALUES (24, 28, 'lorem ipsum dolar sit amet.', 'Sarven Yanık', '2015-04-27 19:36:18');
INSERT INTO `tbl_yorumlar` VALUES (30, 20, 'sarven yanık :)', 'Sarven Yanık', '2015-04-27 19:50:14');
INSERT INTO `tbl_yorumlar` VALUES (31, 20, 'lorem1', 'Sarven Yanık', '2015-04-27 19:52:01');
INSERT INTO `tbl_yorumlar` VALUES (32, 34, 'deneme1', 'Misafir kullanıcı', '2015-04-28 23:09:14');
INSERT INTO `tbl_yorumlar` VALUES (33, 26, 'lorem ipsum dolar sit amet.', 'Ahmet Yılmaz', '2015-04-28 23:09:58');
INSERT INTO `tbl_yorumlar` VALUES (34, 38, 'lorem ipsum dolar sit amet.', 'Ahmet Yılmaz', '2015-04-30 22:57:49');
INSERT INTO `tbl_yorumlar` VALUES (35, 10, 'lorem ipsum dolar sit amet.', 'Ahmet Yılmaz', '2015-05-01 13:05:52');
INSERT INTO `tbl_yorumlar` VALUES (36, 37, 'doğa faydalıdır :)', 'Misafir kullanıcı', '2015-05-01 17:10:45');
INSERT INTO `tbl_yorumlar` VALUES (37, 39, 'Lorem İpsum :D', 'Hasan Aydoğan', '2015-05-01 22:54:28');

-- 
-- Dökümü yapılmış tablolar için kısıtlamalar
-- 

-- 
-- Tablo kısıtlamaları `tbl_altkategoriler`
-- 
ALTER TABLE `tbl_altkategoriler`
  ADD CONSTRAINT `tbl_altkategoriler_ibfk_1` FOREIGN KEY (`KategoriId`) REFERENCES `tbl_kategoriler` (`KategoriId`) ON DELETE CASCADE ON UPDATE CASCADE;

-- 
-- Tablo kısıtlamaları `tbl_paylasimlar`
-- 
ALTER TABLE `tbl_paylasimlar`
  ADD CONSTRAINT `tbl_paylasimlar_ibfk_1` FOREIGN KEY (`AltId`) REFERENCES `tbl_altkategoriler` (`AltId`) ON DELETE CASCADE ON UPDATE CASCADE;

-- 
-- Tablo kısıtlamaları `tbl_yorumcevaplari`
-- 
ALTER TABLE `tbl_yorumcevaplari`
  ADD CONSTRAINT `tbl_yorumcevaplari_ibfk_1` FOREIGN KEY (`YorumId`) REFERENCES `tbl_yorumlar` (`YorumId`) ON DELETE CASCADE ON UPDATE CASCADE;

-- 
-- Tablo kısıtlamaları `tbl_yorumlar`
-- 
ALTER TABLE `tbl_yorumlar`
  ADD CONSTRAINT `tbl_yorumlar_ibfk_1` FOREIGN KEY (`PaylasimId`) REFERENCES `tbl_paylasimlar` (`Id`) ON DELETE CASCADE ON UPDATE CASCADE;
